timestamp,path,referrer,ip,ua
2025-09-06T17:23:34+00:00,/,,127.0.0.1,"Mozilla/5.0 (iPhone; CPU iPhone OS 18_3 like Mac OS X) AppleWebKit/605.1.15 (KHTML, like Gecko) Version/18.3 Mobile/15E148 Safari/604.1"
timestamp,path,referrer,ip,ua
2025-09-06T17:23:39+00:00,/packs.html,https://9b33cce5d5647f.lhr.life/,127.0.0.1,"Mozilla/5.0 (iPhone; CPU iPhone OS 18_3 like Mac OS X) AppleWebKit/605.1.15 (KHTML, like Gecko) Version/18.3 Mobile/15E148 Safari/604.1"
timestamp,path,referrer,ip,ua
2025-09-06T17:23:52+00:00,/produit.php?slug=comicavm40,https://9b33cce5d5647f.lhr.life/packs.html,127.0.0.1,"Mozilla/5.0 (iPhone; CPU iPhone OS 18_3 like Mac OS X) AppleWebKit/605.1.15 (KHTML, like Gecko) Version/18.3 Mobile/15E148 Safari/604.1"
timestamp,path,referrer,ip,ua
2025-09-06T17:24:04+00:00,/produit.php?slug=sony-fx30,https://9b33cce5d5647f.lhr.life/packs.html,127.0.0.1,"Mozilla/5.0 (iPhone; CPU iPhone OS 18_3 like Mac OS X) AppleWebKit/605.1.15 (KHTML, like Gecko) Version/18.3 Mobile/15E148 Safari/604.1"
timestamp,path,referrer,ip,ua
2025-09-06T17:24:16+00:00,/produit.php?slug=comicavm40,https://9b33cce5d5647f.lhr.life/packs.html,127.0.0.1,"Mozilla/5.0 (iPhone; CPU iPhone OS 18_3 like Mac OS X) AppleWebKit/605.1.15 (KHTML, like Gecko) Version/18.3 Mobile/15E148 Safari/604.1"
timestamp,path,referrer,ip,ua
2025-09-06T17:24:26+00:00,/index.html,https://9b33cce5d5647f.lhr.life/packs.html,127.0.0.1,"Mozilla/5.0 (iPhone; CPU iPhone OS 18_3 like Mac OS X) AppleWebKit/605.1.15 (KHTML, like Gecko) Version/18.3 Mobile/15E148 Safari/604.1"
timestamp,path,referrer,ip,ua
2025-09-06T17:25:16+00:00,/packs.html,https://9b33cce5d5647f.lhr.life/index.html,127.0.0.1,"Mozilla/5.0 (iPhone; CPU iPhone OS 18_3 like Mac OS X) AppleWebKit/605.1.15 (KHTML, like Gecko) Version/18.3 Mobile/15E148 Safari/604.1"
timestamp,path,referrer,ip,ua
2025-09-06T17:25:44+00:00,/realisations.html,https://9b33cce5d5647f.lhr.life/packs.html,127.0.0.1,"Mozilla/5.0 (iPhone; CPU iPhone OS 18_3 like Mac OS X) AppleWebKit/605.1.15 (KHTML, like Gecko) Version/18.3 Mobile/15E148 Safari/604.1"
timestamp,path,referrer,ip,ua
2025-09-06T17:25:46+00:00,/realisations.html,https://9b33cce5d5647f.lhr.life/realisations.html,127.0.0.1,"Mozilla/5.0 (iPhone; CPU iPhone OS 18_3 like Mac OS X) AppleWebKit/605.1.15 (KHTML, like Gecko) Version/18.3 Mobile/15E148 Safari/604.1"
timestamp,path,referrer,ip,ua
2025-09-06T17:25:56+00:00,/realisation.php?id=corporate-interview,https://9b33cce5d5647f.lhr.life/realisations.html,127.0.0.1,"Mozilla/5.0 (iPhone; CPU iPhone OS 18_3 like Mac OS X) AppleWebKit/605.1.15 (KHTML, like Gecko) Version/18.3 Mobile/15E148 Safari/604.1"
timestamp,path,referrer,ip,ua
2025-09-06T17:26:36+00:00,/calendrier.html,https://9b33cce5d5647f.lhr.life/realisation.php?id=corporate-interview,127.0.0.1,"Mozilla/5.0 (iPhone; CPU iPhone OS 18_3 like Mac OS X) AppleWebKit/605.1.15 (KHTML, like Gecko) Version/18.3 Mobile/15E148 Safari/604.1"
timestamp,path,referrer,ip,ua
2025-09-06T17:28:15+00:00,/,,127.0.0.1,"Mozilla/5.0 (Macintosh; Intel Mac OS X 10.15; rv:142.0) Gecko/20100101 Firefox/142.0"
timestamp,path,referrer,ip,ua
2025-09-06T17:28:18+00:00,/produit.html?slug=neewercb300,,127.0.0.1,"Mozilla/5.0 (Macintosh; Intel Mac OS X 10.15; rv:142.0) Gecko/20100101 Firefox/142.0"
timestamp,path,referrer,ip,ua
2025-09-06T17:28:21+00:00,/calendrier.html?produit=neewercb300,,127.0.0.1,"Mozilla/5.0 (Macintosh; Intel Mac OS X 10.15; rv:142.0) Gecko/20100101 Firefox/142.0"
timestamp,path,referrer,ip,ua
2025-09-06T17:30:33+00:00,/index.html,,127.0.0.1,"Mozilla/5.0 (Macintosh; Intel Mac OS X 10.15; rv:142.0) Gecko/20100101 Firefox/142.0"
timestamp,path,referrer,ip,ua
2025-09-06T17:39:30+00:00,/,,127.0.0.1,"Mozilla/5.0 (Macintosh; Intel Mac OS X 10.15; rv:142.0) Gecko/20100101 Firefox/142.0"
timestamp,path,referrer,ip,ua
2025-09-06T17:39:32+00:00,/packs.html,,127.0.0.1,"Mozilla/5.0 (Macintosh; Intel Mac OS X 10.15; rv:142.0) Gecko/20100101 Firefox/142.0"
timestamp,path,referrer,ip,ua
2025-09-06T17:39:33+00:00,/produit.php?slug=neewercb300,,127.0.0.1,"Mozilla/5.0 (Macintosh; Intel Mac OS X 10.15; rv:142.0) Gecko/20100101 Firefox/142.0"
timestamp,path,referrer,ip,ua
2025-09-06T17:39:35+00:00,/calendrier.html?produit=neewercb300,,127.0.0.1,"Mozilla/5.0 (Macintosh; Intel Mac OS X 10.15; rv:142.0) Gecko/20100101 Firefox/142.0"
timestamp,path,referrer,ip,ua
2025-09-06T17:39:58+00:00,/packs.html,,127.0.0.1,"Mozilla/5.0 (Macintosh; Intel Mac OS X 10.15; rv:142.0) Gecko/20100101 Firefox/142.0"
timestamp,path,referrer,ip,ua
2025-09-06T17:40:02+00:00,/services.html,,127.0.0.1,"Mozilla/5.0 (Macintosh; Intel Mac OS X 10.15; rv:142.0) Gecko/20100101 Firefox/142.0"
timestamp,path,referrer,ip,ua
2025-09-06T17:40:04+00:00,/packs.html,,127.0.0.1,"Mozilla/5.0 (Macintosh; Intel Mac OS X 10.15; rv:142.0) Gecko/20100101 Firefox/142.0"
timestamp,path,referrer,ip,ua
2025-09-06T17:40:06+00:00,/index.html,,127.0.0.1,"Mozilla/5.0 (Macintosh; Intel Mac OS X 10.15; rv:142.0) Gecko/20100101 Firefox/142.0"
timestamp,path,referrer,ip,ua
2025-09-06T17:40:14+00:00,/packs.html,,127.0.0.1,"Mozilla/5.0 (Macintosh; Intel Mac OS X 10.15; rv:142.0) Gecko/20100101 Firefox/142.0"
timestamp,path,referrer,ip,ua
2025-09-06T17:40:18+00:00,/produit.php?slug=neewercb300,,127.0.0.1,"Mozilla/5.0 (Macintosh; Intel Mac OS X 10.15; rv:142.0) Gecko/20100101 Firefox/142.0"
timestamp,path,referrer,ip,ua
2025-09-06T17:40:21+00:00,/calendrier.html?produit=neewercb300,,127.0.0.1,"Mozilla/5.0 (Macintosh; Intel Mac OS X 10.15; rv:142.0) Gecko/20100101 Firefox/142.0"
timestamp,path,referrer,ip,ua
2025-09-06T17:40:53+00:00,/,,127.0.0.1,"Mozilla/5.0 (iPhone; CPU iPhone OS 18_3 like Mac OS X) AppleWebKit/605.1.15 (KHTML, like Gecko) Version/18.3 Mobile/15E148 Safari/604.1"
timestamp,path,referrer,ip,ua
2025-09-06T17:41:05+00:00,/packs.html,https://5653821b7e92b5.lhr.life/,127.0.0.1,"Mozilla/5.0 (iPhone; CPU iPhone OS 18_3 like Mac OS X) AppleWebKit/605.1.15 (KHTML, like Gecko) Version/18.3 Mobile/15E148 Safari/604.1"
timestamp,path,referrer,ip,ua
2025-09-06T17:41:51+00:00,/produit.php?slug=batteriesonynpfz100,https://5653821b7e92b5.lhr.life/packs.html,127.0.0.1,"Mozilla/5.0 (iPhone; CPU iPhone OS 18_3 like Mac OS X) AppleWebKit/605.1.15 (KHTML, like Gecko) Version/18.3 Mobile/15E148 Safari/604.1"
timestamp,path,referrer,ip,ua
2025-09-06T17:41:55+00:00,/calendrier.html?produit=batteriesonynpfz100,https://5653821b7e92b5.lhr.life/produit.php?slug=batteriesonynpfz100,127.0.0.1,"Mozilla/5.0 (iPhone; CPU iPhone OS 18_3 like Mac OS X) AppleWebKit/605.1.15 (KHTML, like Gecko) Version/18.3 Mobile/15E148 Safari/604.1"
timestamp,path,referrer,ip,ua
2025-09-06T17:42:10+00:00,/packs.html,,127.0.0.1,"Mozilla/5.0 (Macintosh; Intel Mac OS X 10.15; rv:142.0) Gecko/20100101 Firefox/142.0"
timestamp,path,referrer,ip,ua
2025-09-06T17:42:11+00:00,/services.html,,127.0.0.1,"Mozilla/5.0 (Macintosh; Intel Mac OS X 10.15; rv:142.0) Gecko/20100101 Firefox/142.0"
timestamp,path,referrer,ip,ua
2025-09-06T17:42:15+00:00,/calendrier.html,,127.0.0.1,"Mozilla/5.0 (Macintosh; Intel Mac OS X 10.15; rv:142.0) Gecko/20100101 Firefox/142.0"
timestamp,path,referrer,ip,ua
2025-09-06T17:42:18+00:00,/apropos.html,,127.0.0.1,"Mozilla/5.0 (Macintosh; Intel Mac OS X 10.15; rv:142.0) Gecko/20100101 Firefox/142.0"
timestamp,path,referrer,ip,ua
2025-09-06T17:42:20+00:00,/services.html,,127.0.0.1,"Mozilla/5.0 (Macintosh; Intel Mac OS X 10.15; rv:142.0) Gecko/20100101 Firefox/142.0"
timestamp,path,referrer,ip,ua
2025-09-06T17:43:08+00:00,/packs.html,https://5653821b7e92b5.lhr.life/calendrier.html?produit=batteriesonynpfz100,127.0.0.1,"Mozilla/5.0 (iPhone; CPU iPhone OS 18_3 like Mac OS X) AppleWebKit/605.1.15 (KHTML, like Gecko) Version/18.3 Mobile/15E148 Safari/604.1"
timestamp,path,referrer,ip,ua
2025-09-06T17:44:07+00:00,/realisations.html,https://5653821b7e92b5.lhr.life/packs.html,127.0.0.1,"Mozilla/5.0 (iPhone; CPU iPhone OS 18_3 like Mac OS X) AppleWebKit/605.1.15 (KHTML, like Gecko) Version/18.3 Mobile/15E148 Safari/604.1"
timestamp,path,referrer,ip,ua
2025-09-06T17:44:24+00:00,/services.html,https://5653821b7e92b5.lhr.life/realisations.html,127.0.0.1,"Mozilla/5.0 (iPhone; CPU iPhone OS 18_3 like Mac OS X) AppleWebKit/605.1.15 (KHTML, like Gecko) Version/18.3 Mobile/15E148 Safari/604.1"
timestamp,path,referrer,ip,ua
2025-09-06T17:45:05+00:00,/index.html,https://5653821b7e92b5.lhr.life/services.html,127.0.0.1,"Mozilla/5.0 (iPhone; CPU iPhone OS 18_3 like Mac OS X) AppleWebKit/605.1.15 (KHTML, like Gecko) Version/18.3 Mobile/15E148 Safari/604.1"
timestamp,path,referrer,ip,ua
2025-09-06T17:46:19+00:00,/calendrier.html,https://5653821b7e92b5.lhr.life/index.html,127.0.0.1,"Mozilla/5.0 (iPhone; CPU iPhone OS 18_3 like Mac OS X) AppleWebKit/605.1.15 (KHTML, like Gecko) Version/18.3 Mobile/15E148 Safari/604.1"
timestamp,path,referrer,ip,ua
2025-09-06T17:46:23+00:00,/calendrier.html,,127.0.0.1,"Mozilla/5.0 (Macintosh; Intel Mac OS X 10.15; rv:142.0) Gecko/20100101 Firefox/142.0"
timestamp,path,referrer,ip,ua
2025-09-06T17:50:27+00:00,/packs.html,,127.0.0.1,"Mozilla/5.0 (Macintosh; Intel Mac OS X 10.15; rv:142.0) Gecko/20100101 Firefox/142.0"
timestamp,path,referrer,ip,ua
2025-09-06T17:51:08+00:00,/produit.php?slug=neewercb300,,127.0.0.1,"Mozilla/5.0 (Macintosh; Intel Mac OS X 10.15; rv:142.0) Gecko/20100101 Firefox/142.0"
timestamp,path,referrer,ip,ua
2025-09-06T17:51:14+00:00,/calendrier.html?produit=neewercb300,,127.0.0.1,"Mozilla/5.0 (Macintosh; Intel Mac OS X 10.15; rv:142.0) Gecko/20100101 Firefox/142.0"
timestamp,path,referrer,ip,ua
2025-09-06T17:51:40+00:00,/services.html,,127.0.0.1,"Mozilla/5.0 (Macintosh; Intel Mac OS X 10.15; rv:142.0) Gecko/20100101 Firefox/142.0"
timestamp,path,referrer,ip,ua
2025-09-06T17:51:43+00:00,/packs.html,,127.0.0.1,"Mozilla/5.0 (Macintosh; Intel Mac OS X 10.15; rv:142.0) Gecko/20100101 Firefox/142.0"
timestamp,path,referrer,ip,ua
2025-09-06T18:06:45+00:00,/,,127.0.0.1,"Mozilla/5.0 (Macintosh; Intel Mac OS X 10.15; rv:142.0) Gecko/20100101 Firefox/142.0"
timestamp,path,referrer,ip,ua
2025-09-06T18:06:48+00:00,/packs.html,,127.0.0.1,"Mozilla/5.0 (Macintosh; Intel Mac OS X 10.15; rv:142.0) Gecko/20100101 Firefox/142.0"
timestamp,path,referrer,ip,ua
2025-09-06T18:07:07+00:00,/,,127.0.0.1,"Mozilla/5.0 (Macintosh; Intel Mac OS X 10.15; rv:142.0) Gecko/20100101 Firefox/142.0"
timestamp,path,referrer,ip,ua
2025-09-06T18:07:12+00:00,/services.html,,127.0.0.1,"Mozilla/5.0 (Macintosh; Intel Mac OS X 10.15; rv:142.0) Gecko/20100101 Firefox/142.0"
timestamp,path,referrer,ip,ua
2025-09-06T18:07:13+00:00,/packs.html,,127.0.0.1,"Mozilla/5.0 (Macintosh; Intel Mac OS X 10.15; rv:142.0) Gecko/20100101 Firefox/142.0"
timestamp,path,referrer,ip,ua
2025-09-06T18:10:38+00:00,/produit.php?slug=sony-fx30,,127.0.0.1,"Mozilla/5.0 (Macintosh; Intel Mac OS X 10.15; rv:142.0) Gecko/20100101 Firefox/142.0"
timestamp,path,referrer,ip,ua
2025-09-06T18:10:44+00:00,/packs.html,,127.0.0.1,"Mozilla/5.0 (Macintosh; Intel Mac OS X 10.15; rv:142.0) Gecko/20100101 Firefox/142.0"
timestamp,path,referrer,ip,ua
2025-09-06T18:10:45+00:00,/produit.php?slug=comicavm40,,127.0.0.1,"Mozilla/5.0 (Macintosh; Intel Mac OS X 10.15; rv:142.0) Gecko/20100101 Firefox/142.0"
timestamp,path,referrer,ip,ua
2025-09-06T18:10:48+00:00,/produit.php?slug=sony-fx30,,127.0.0.1,"Mozilla/5.0 (Macintosh; Intel Mac OS X 10.15; rv:142.0) Gecko/20100101 Firefox/142.0"
timestamp,path,referrer,ip,ua
2025-09-06T18:10:56+00:00,/calendrier.html?produit=sony-fx30&date=2025-09-07,,127.0.0.1,"Mozilla/5.0 (Macintosh; Intel Mac OS X 10.15; rv:142.0) Gecko/20100101 Firefox/142.0"
timestamp,path,referrer,ip,ua
2025-09-06T18:11:10+00:00,/produit.php?slug=neewercb300,,127.0.0.1,"Mozilla/5.0 (Macintosh; Intel Mac OS X 10.15; rv:142.0) Gecko/20100101 Firefox/142.0"
timestamp,path,referrer,ip,ua
2025-09-06T18:11:17+00:00,/packs.html,,127.0.0.1,"Mozilla/5.0 (Macintosh; Intel Mac OS X 10.15; rv:142.0) Gecko/20100101 Firefox/142.0"
timestamp,path,referrer,ip,ua
2025-09-06T18:11:18+00:00,/produit.php?slug=comicavm40,,127.0.0.1,"Mozilla/5.0 (Macintosh; Intel Mac OS X 10.15; rv:142.0) Gecko/20100101 Firefox/142.0"
timestamp,path,referrer,ip,ua
2025-09-06T18:11:19+00:00,/produit.php?slug=neewercb300,,127.0.0.1,"Mozilla/5.0 (Macintosh; Intel Mac OS X 10.15; rv:142.0) Gecko/20100101 Firefox/142.0"
timestamp,path,referrer,ip,ua
2025-09-06T18:11:20+00:00,/produit.php?slug=sony-fx30,,127.0.0.1,"Mozilla/5.0 (Macintosh; Intel Mac OS X 10.15; rv:142.0) Gecko/20100101 Firefox/142.0"
timestamp,path,referrer,ip,ua
2025-09-06T18:11:21+00:00,/produit.php?slug=pack-fx30-1770,,127.0.0.1,"Mozilla/5.0 (Macintosh; Intel Mac OS X 10.15; rv:142.0) Gecko/20100101 Firefox/142.0"
timestamp,path,referrer,ip,ua
2025-09-06T18:11:23+00:00,/produit.php?slug=pack-cb300c-softbox-pied,,127.0.0.1,"Mozilla/5.0 (Macintosh; Intel Mac OS X 10.15; rv:142.0) Gecko/20100101 Firefox/142.0"
timestamp,path,referrer,ip,ua
2025-09-06T18:11:28+00:00,/calendrier.html?produit=pack-cb300c-softbox-pied&date=2025-09-06,,127.0.0.1,"Mozilla/5.0 (Macintosh; Intel Mac OS X 10.15; rv:142.0) Gecko/20100101 Firefox/142.0"
timestamp,path,referrer,ip,ua
2025-09-06T18:11:42+00:00,/calendrier.html?produit=pack-cb300c-softbox-pied,,127.0.0.1,"Mozilla/5.0 (Macintosh; Intel Mac OS X 10.15; rv:142.0) Gecko/20100101 Firefox/142.0"
timestamp,path,referrer,ip,ua
2025-09-06T18:12:24+00:00,/calendrier.html?produit=pack-cb300c-softbox-pied&date=2025-09-10,,127.0.0.1,"Mozilla/5.0 (Macintosh; Intel Mac OS X 10.15; rv:142.0) Gecko/20100101 Firefox/142.0"
timestamp,path,referrer,ip,ua
2025-09-06T18:13:31+00:00,/calendrier.html?produit=pack-cb300c-softbox-pied&date=2025-09-11,,127.0.0.1,"Mozilla/5.0 (Macintosh; Intel Mac OS X 10.15; rv:142.0) Gecko/20100101 Firefox/142.0"
timestamp,path,referrer,ip,ua
2025-09-06T18:41:17+00:00,/,,127.0.0.1,"Mozilla/5.0 (Macintosh; Intel Mac OS X 10.15; rv:142.0) Gecko/20100101 Firefox/142.0"
timestamp,path,referrer,ip,ua
2025-09-06T18:41:20+00:00,/packs.html,,127.0.0.1,"Mozilla/5.0 (Macintosh; Intel Mac OS X 10.15; rv:142.0) Gecko/20100101 Firefox/142.0"
timestamp,path,referrer,ip,ua
2025-09-06T18:41:22+00:00,/produit.php?slug=neewercb300,,127.0.0.1,"Mozilla/5.0 (Macintosh; Intel Mac OS X 10.15; rv:142.0) Gecko/20100101 Firefox/142.0"
timestamp,path,referrer,ip,ua
2025-09-06T18:41:25+00:00,/calendrier.html?produit=neewercb300&date=2025-09-05,,127.0.0.1,"Mozilla/5.0 (Macintosh; Intel Mac OS X 10.15; rv:142.0) Gecko/20100101 Firefox/142.0"
timestamp,path,referrer,ip,ua
2025-09-06T18:41:31+00:00,/realisations.html,,127.0.0.1,"Mozilla/5.0 (Macintosh; Intel Mac OS X 10.15; rv:142.0) Gecko/20100101 Firefox/142.0"
timestamp,path,referrer,ip,ua
2025-09-06T18:41:32+00:00,/calendrier.html,,127.0.0.1,"Mozilla/5.0 (Macintosh; Intel Mac OS X 10.15; rv:142.0) Gecko/20100101 Firefox/142.0"
timestamp,path,referrer,ip,ua
2025-09-06T18:41:53+00:00,/calendrier.html,,127.0.0.1,"Mozilla/5.0 (Macintosh; Intel Mac OS X 10.15; rv:142.0) Gecko/20100101 Firefox/142.0"
timestamp,path,referrer,ip,ua
2025-09-06T18:41:54+00:00,/calendrier.html,,127.0.0.1,"Mozilla/5.0 (Macintosh; Intel Mac OS X 10.15; rv:142.0) Gecko/20100101 Firefox/142.0"
timestamp,path,referrer,ip,ua
2025-09-06T18:41:54+00:00,/packs.html,,127.0.0.1,"Mozilla/5.0 (Macintosh; Intel Mac OS X 10.15; rv:142.0) Gecko/20100101 Firefox/142.0"
timestamp,path,referrer,ip,ua
2025-09-06T18:41:56+00:00,/produit.php?slug=neewercb300,,127.0.0.1,"Mozilla/5.0 (Macintosh; Intel Mac OS X 10.15; rv:142.0) Gecko/20100101 Firefox/142.0"
timestamp,path,referrer,ip,ua
2025-09-06T18:41:58+00:00,/calendrier.html?produit=neewercb300&date=2025-09-08,,127.0.0.1,"Mozilla/5.0 (Macintosh; Intel Mac OS X 10.15; rv:142.0) Gecko/20100101 Firefox/142.0"
timestamp,path,referrer,ip,ua
2025-09-06T18:42:19+00:00,/realisations.html,,127.0.0.1,"Mozilla/5.0 (Macintosh; Intel Mac OS X 10.15; rv:142.0) Gecko/20100101 Firefox/142.0"
timestamp,path,referrer,ip,ua
2025-09-06T18:42:19+00:00,/calendrier.html,,127.0.0.1,"Mozilla/5.0 (Macintosh; Intel Mac OS X 10.15; rv:142.0) Gecko/20100101 Firefox/142.0"
timestamp,path,referrer,ip,ua
2025-09-06T18:42:20+00:00,/apropos.html,,127.0.0.1,"Mozilla/5.0 (Macintosh; Intel Mac OS X 10.15; rv:142.0) Gecko/20100101 Firefox/142.0"
timestamp,path,referrer,ip,ua
2025-09-06T18:42:22+00:00,/packs.html,,127.0.0.1,"Mozilla/5.0 (Macintosh; Intel Mac OS X 10.15; rv:142.0) Gecko/20100101 Firefox/142.0"
timestamp,path,referrer,ip,ua
2025-09-06T18:45:57+00:00,/calendrier.html,,127.0.0.1,"Mozilla/5.0 (Macintosh; Intel Mac OS X 10.15; rv:142.0) Gecko/20100101 Firefox/142.0"
timestamp,path,referrer,ip,ua
2025-09-06T18:46:57+00:00,/packs.html,,127.0.0.1,"Mozilla/5.0 (Macintosh; Intel Mac OS X 10.15; rv:142.0) Gecko/20100101 Firefox/142.0"
timestamp,path,referrer,ip,ua
2025-09-06T18:47:01+00:00,/produit.php?slug=piedlumiere,,127.0.0.1,"Mozilla/5.0 (Macintosh; Intel Mac OS X 10.15; rv:142.0) Gecko/20100101 Firefox/142.0"
timestamp,path,referrer,ip,ua
2025-09-06T18:47:05+00:00,/calendrier.html?produit=piedlumiere&date=2025-09-08,,127.0.0.1,"Mozilla/5.0 (Macintosh; Intel Mac OS X 10.15; rv:142.0) Gecko/20100101 Firefox/142.0"
timestamp,path,referrer,ip,ua
2025-09-06T18:49:05+00:00,/apropos.html,,127.0.0.1,"Mozilla/5.0 (Macintosh; Intel Mac OS X 10.15; rv:142.0) Gecko/20100101 Firefox/142.0"
timestamp,path,referrer,ip,ua
2025-09-06T18:49:05+00:00,/calendrier.html,,127.0.0.1,"Mozilla/5.0 (Macintosh; Intel Mac OS X 10.15; rv:142.0) Gecko/20100101 Firefox/142.0"
timestamp,path,referrer,ip,ua
2025-09-06T18:49:11+00:00,/packs.html,,127.0.0.1,"Mozilla/5.0 (Macintosh; Intel Mac OS X 10.15; rv:142.0) Gecko/20100101 Firefox/142.0"
timestamp,path,referrer,ip,ua
2025-09-06T18:49:12+00:00,/produit.php?slug=neewercb300,,127.0.0.1,"Mozilla/5.0 (Macintosh; Intel Mac OS X 10.15; rv:142.0) Gecko/20100101 Firefox/142.0"
timestamp,path,referrer,ip,ua
2025-09-06T18:49:15+00:00,/calendrier.html?produit=neewercb300&date=2025-09-12,,127.0.0.1,"Mozilla/5.0 (Macintosh; Intel Mac OS X 10.15; rv:142.0) Gecko/20100101 Firefox/142.0"
timestamp,path,referrer,ip,ua
2025-09-06T18:49:17+00:00,/calendrier.html?produit=neewercb300&itemName=NEEWER%20CB300C,,127.0.0.1,"Mozilla/5.0 (Macintosh; Intel Mac OS X 10.15; rv:142.0) Gecko/20100101 Firefox/142.0"
timestamp,path,referrer,ip,ua
2025-09-06T18:49:48+00:00,/calendrier.html?produit=neewercb300&date=2025-09-09,,127.0.0.1,"Mozilla/5.0 (Macintosh; Intel Mac OS X 10.15; rv:142.0) Gecko/20100101 Firefox/142.0"
timestamp,path,referrer,ip,ua
2025-09-06T19:01:40+00:00,/,,127.0.0.1,"Mozilla/5.0 (Macintosh; Intel Mac OS X 10.15; rv:142.0) Gecko/20100101 Firefox/142.0"
timestamp,path,referrer,ip,ua
2025-09-06T19:01:43+00:00,/packs.html,,127.0.0.1,"Mozilla/5.0 (Macintosh; Intel Mac OS X 10.15; rv:142.0) Gecko/20100101 Firefox/142.0"
timestamp,path,referrer,ip,ua
2025-09-06T19:01:46+00:00,/produit.php?slug=neewercb300,,127.0.0.1,"Mozilla/5.0 (Macintosh; Intel Mac OS X 10.15; rv:142.0) Gecko/20100101 Firefox/142.0"
timestamp,path,referrer,ip,ua
2025-09-06T19:01:50+00:00,/produit.php?slug=neewercb300,,127.0.0.1,"Mozilla/5.0 (Macintosh; Intel Mac OS X 10.15; rv:142.0) Gecko/20100101 Firefox/142.0"
timestamp,path,referrer,ip,ua
2025-09-06T19:02:13+00:00,/,,127.0.0.1,"Mozilla/5.0 (Macintosh; Intel Mac OS X 10.15; rv:142.0) Gecko/20100101 Firefox/142.0"
timestamp,path,referrer,ip,ua
2025-09-06T19:02:15+00:00,/packs.html,,127.0.0.1,"Mozilla/5.0 (Macintosh; Intel Mac OS X 10.15; rv:142.0) Gecko/20100101 Firefox/142.0"
timestamp,path,referrer,ip,ua
2025-09-06T19:02:17+00:00,/produit.php?slug=comicavm40,,127.0.0.1,"Mozilla/5.0 (Macintosh; Intel Mac OS X 10.15; rv:142.0) Gecko/20100101 Firefox/142.0"
timestamp,path,referrer,ip,ua
2025-09-06T19:02:37+00:00,/calendrier.html,,127.0.0.1,"Mozilla/5.0 (Macintosh; Intel Mac OS X 10.15; rv:142.0) Gecko/20100101 Firefox/142.0"
timestamp,path,referrer,ip,ua
2025-09-06T19:02:39+00:00,/packs.html,,127.0.0.1,"Mozilla/5.0 (Macintosh; Intel Mac OS X 10.15; rv:142.0) Gecko/20100101 Firefox/142.0"
timestamp,path,referrer,ip,ua
2025-09-06T19:02:40+00:00,/produit.php?slug=neewercb300,,127.0.0.1,"Mozilla/5.0 (Macintosh; Intel Mac OS X 10.15; rv:142.0) Gecko/20100101 Firefox/142.0"
timestamp,path,referrer,ip,ua
2025-09-06T19:02:44+00:00,/calendrier.html?produit=neewercb300&itemName=NEEWER%20CB300C&dates=2025-09-07%2C2025-09-08%2C2025-09-09,,127.0.0.1,"Mozilla/5.0 (Macintosh; Intel Mac OS X 10.15; rv:142.0) Gecko/20100101 Firefox/142.0"
timestamp,path,referrer,ip,ua
2025-09-06T19:03:38+00:00,/packs.html,,127.0.0.1,"Mozilla/5.0 (Macintosh; Intel Mac OS X 10.15; rv:142.0) Gecko/20100101 Firefox/142.0"
timestamp,path,referrer,ip,ua
2025-09-06T19:03:39+00:00,/produit.php?slug=neewercb300,,127.0.0.1,"Mozilla/5.0 (Macintosh; Intel Mac OS X 10.15; rv:142.0) Gecko/20100101 Firefox/142.0"
timestamp,path,referrer,ip,ua
2025-09-06T19:03:49+00:00,/calendrier.html?produit=neewercb300&itemName=NEEWER%20CB300C&dates=2025-09-09%2C2025-09-10%2C2025-09-11,,127.0.0.1,"Mozilla/5.0 (Macintosh; Intel Mac OS X 10.15; rv:142.0) Gecko/20100101 Firefox/142.0"
timestamp,path,referrer,ip,ua
2025-09-06T19:04:07+00:00,/packs.html,,127.0.0.1,"Mozilla/5.0 (Macintosh; Intel Mac OS X 10.15; rv:142.0) Gecko/20100101 Firefox/142.0"
timestamp,path,referrer,ip,ua
2025-09-06T19:04:08+00:00,/produit.php?slug=neewercb300,,127.0.0.1,"Mozilla/5.0 (Macintosh; Intel Mac OS X 10.15; rv:142.0) Gecko/20100101 Firefox/142.0"
timestamp,path,referrer,ip,ua
2025-09-06T19:05:17+00:00,/packs.html,,127.0.0.1,"Mozilla/5.0 (Macintosh; Intel Mac OS X 10.15; rv:142.0) Gecko/20100101 Firefox/142.0"
timestamp,path,referrer,ip,ua
2025-09-06T19:05:20+00:00,/produit.php?slug=pack-fx30-1770,,127.0.0.1,"Mozilla/5.0 (Macintosh; Intel Mac OS X 10.15; rv:142.0) Gecko/20100101 Firefox/142.0"
timestamp,path,referrer,ip,ua
2025-09-06T19:06:13+00:00,/packs.html,,127.0.0.1,"Mozilla/5.0 (Macintosh; Intel Mac OS X 10.15; rv:142.0) Gecko/20100101 Firefox/142.0"
timestamp,path,referrer,ip,ua
2025-09-06T19:06:15+00:00,/produit.php?slug=neewercb300,,127.0.0.1,"Mozilla/5.0 (Macintosh; Intel Mac OS X 10.15; rv:142.0) Gecko/20100101 Firefox/142.0"
timestamp,path,referrer,ip,ua
2025-09-06T19:09:15+00:00,/produit.php?slug=comicavm40,,127.0.0.1,"Mozilla/5.0 (Macintosh; Intel Mac OS X 10.15; rv:142.0) Gecko/20100101 Firefox/142.0"
timestamp,path,referrer,ip,ua
2025-09-06T19:09:18+00:00,/calendrier.html?produit=comicavm40&itemName=Comica%20VM40,,127.0.0.1,"Mozilla/5.0 (Macintosh; Intel Mac OS X 10.15; rv:142.0) Gecko/20100101 Firefox/142.0"
timestamp,path,referrer,ip,ua
2025-09-06T19:09:43+00:00,/packs.html,,127.0.0.1,"Mozilla/5.0 (Macintosh; Intel Mac OS X 10.15; rv:142.0) Gecko/20100101 Firefox/142.0"
timestamp,path,referrer,ip,ua
2025-09-06T19:28:56+00:00,/,,127.0.0.1,"Mozilla/5.0 (Macintosh; Intel Mac OS X 10.15; rv:142.0) Gecko/20100101 Firefox/142.0"
timestamp,path,referrer,ip,ua
2025-09-06T19:28:58+00:00,/packs.html,,127.0.0.1,"Mozilla/5.0 (Macintosh; Intel Mac OS X 10.15; rv:142.0) Gecko/20100101 Firefox/142.0"
timestamp,path,referrer,ip,ua
2025-09-06T19:29:00+00:00,/produit.php?slug=neewercb300,,127.0.0.1,"Mozilla/5.0 (Macintosh; Intel Mac OS X 10.15; rv:142.0) Gecko/20100101 Firefox/142.0"
timestamp,path,referrer,ip,ua
2025-09-06T19:29:03+00:00,/realisations.html,,127.0.0.1,"Mozilla/5.0 (Macintosh; Intel Mac OS X 10.15; rv:142.0) Gecko/20100101 Firefox/142.0"
timestamp,path,referrer,ip,ua
2025-09-06T19:29:04+00:00,/calendrier.html,,127.0.0.1,"Mozilla/5.0 (Macintosh; Intel Mac OS X 10.15; rv:142.0) Gecko/20100101 Firefox/142.0"
timestamp,path,referrer,ip,ua
2025-09-06T19:29:06+00:00,/realisations.html,,127.0.0.1,"Mozilla/5.0 (Macintosh; Intel Mac OS X 10.15; rv:142.0) Gecko/20100101 Firefox/142.0"
timestamp,path,referrer,ip,ua
2025-09-06T19:29:07+00:00,/packs.html,,127.0.0.1,"Mozilla/5.0 (Macintosh; Intel Mac OS X 10.15; rv:142.0) Gecko/20100101 Firefox/142.0"
timestamp,path,referrer,ip,ua
2025-09-06T19:29:09+00:00,/produit.php?slug=pack-fx30-1770,,127.0.0.1,"Mozilla/5.0 (Macintosh; Intel Mac OS X 10.15; rv:142.0) Gecko/20100101 Firefox/142.0"
timestamp,path,referrer,ip,ua
2025-09-06T19:30:02+00:00,/produit.php?slug=neewercb300,,127.0.0.1,"Mozilla/5.0 (Macintosh; Intel Mac OS X 10.15; rv:142.0) Gecko/20100101 Firefox/142.0"
timestamp,path,referrer,ip,ua
2025-09-06T19:30:43+00:00,/packs.html,,127.0.0.1,"Mozilla/5.0 (Macintosh; Intel Mac OS X 10.15; rv:142.0) Gecko/20100101 Firefox/142.0"
timestamp,path,referrer,ip,ua
2025-09-06T19:33:16+00:00,/produit.php?slug=pack-fx30-1770-trepied-sd,,127.0.0.1,"Mozilla/5.0 (Macintosh; Intel Mac OS X 10.15; rv:142.0) Gecko/20100101 Firefox/142.0"
timestamp,path,referrer,ip,ua
2025-09-06T19:34:43+00:00,/calendrier.html?produit=pack-fx30-1770-trepied-sd&itemName=FX30%20%2B%2017%2F70mm%20%2B%20tr%C3%A9pied%20%2B%20carte%20SD&dates=2025-09-06%2C2025-09-12%2C2025-09-13,,127.0.0.1,"Mozilla/5.0 (Macintosh; Intel Mac OS X 10.15; rv:142.0) Gecko/20100101 Firefox/142.0"
timestamp,path,referrer,ip,ua
2025-09-06T19:37:35+00:00,/packs.html,,127.0.0.1,"Mozilla/5.0 (Macintosh; Intel Mac OS X 10.15; rv:142.0) Gecko/20100101 Firefox/142.0"
timestamp,path,referrer,ip,ua
2025-09-06T19:37:36+00:00,/produit.php?slug=neewercb300,,127.0.0.1,"Mozilla/5.0 (Macintosh; Intel Mac OS X 10.15; rv:142.0) Gecko/20100101 Firefox/142.0"
timestamp,path,referrer,ip,ua
2025-09-06T19:40:58+00:00,/packs.html,,127.0.0.1,"Mozilla/5.0 (Macintosh; Intel Mac OS X 10.15; rv:142.0) Gecko/20100101 Firefox/142.0"
timestamp,path,referrer,ip,ua
2025-09-06T19:41:06+00:00,/produit.php?slug=comicavm40,,127.0.0.1,"Mozilla/5.0 (Macintosh; Intel Mac OS X 10.15; rv:142.0) Gecko/20100101 Firefox/142.0"
timestamp,path,referrer,ip,ua
2025-09-06T19:41:13+00:00,/packs.html,,127.0.0.1,"Mozilla/5.0 (Macintosh; Intel Mac OS X 10.15; rv:142.0) Gecko/20100101 Firefox/142.0"
timestamp,path,referrer,ip,ua
2025-09-06T19:41:14+00:00,/produit.php?slug=pack-fx30-1770,,127.0.0.1,"Mozilla/5.0 (Macintosh; Intel Mac OS X 10.15; rv:142.0) Gecko/20100101 Firefox/142.0"
timestamp,path,referrer,ip,ua
2025-09-06T19:41:16+00:00,/packs.html,,127.0.0.1,"Mozilla/5.0 (Macintosh; Intel Mac OS X 10.15; rv:142.0) Gecko/20100101 Firefox/142.0"
timestamp,path,referrer,ip,ua
2025-09-06T19:41:17+00:00,/produit.php?slug=comicavm40,,127.0.0.1,"Mozilla/5.0 (Macintosh; Intel Mac OS X 10.15; rv:142.0) Gecko/20100101 Firefox/142.0"
timestamp,path,referrer,ip,ua
2025-09-06T19:51:22+00:00,/,,127.0.0.1,"Mozilla/5.0 (Macintosh; Intel Mac OS X 10.15; rv:142.0) Gecko/20100101 Firefox/142.0"
timestamp,path,referrer,ip,ua
2025-09-06T19:51:28+00:00,/packs.html,,127.0.0.1,"Mozilla/5.0 (Macintosh; Intel Mac OS X 10.15; rv:142.0) Gecko/20100101 Firefox/142.0"
timestamp,path,referrer,ip,ua
2025-09-06T19:51:34+00:00,/packs.html,,127.0.0.1,"Mozilla/5.0 (Macintosh; Intel Mac OS X 10.15; rv:142.0) Gecko/20100101 Firefox/142.0"
timestamp,path,referrer,ip,ua
2025-09-06T19:52:31+00:00,/,,127.0.0.1,"Mozilla/5.0 (iPhone; CPU iPhone OS 18_3 like Mac OS X) AppleWebKit/605.1.15 (KHTML, like Gecko) Version/18.3 Mobile/15E148 Safari/604.1"
timestamp,path,referrer,ip,ua
2025-09-06T19:52:40+00:00,/packs.html,https://b7851f273a8159.lhr.life/,127.0.0.1,"Mozilla/5.0 (iPhone; CPU iPhone OS 18_3 like Mac OS X) AppleWebKit/605.1.15 (KHTML, like Gecko) Version/18.3 Mobile/15E148 Safari/604.1"
timestamp,path,referrer,ip,ua
2025-09-06T19:53:15+00:00,/packs.html,https://b7851f273a8159.lhr.life/,127.0.0.1,"Mozilla/5.0 (iPhone; CPU iPhone OS 18_3 like Mac OS X) AppleWebKit/605.1.15 (KHTML, like Gecko) Version/18.3 Mobile/15E148 Safari/604.1"
timestamp,path,referrer,ip,ua
2025-09-06T19:53:20+00:00,/contact.html,https://b7851f273a8159.lhr.life/packs.html,127.0.0.1,"Mozilla/5.0 (iPhone; CPU iPhone OS 18_3 like Mac OS X) AppleWebKit/605.1.15 (KHTML, like Gecko) Version/18.3 Mobile/15E148 Safari/604.1"
timestamp,path,referrer,ip,ua
2025-09-06T19:54:08+00:00,/produit.php?slug=comicavm40,,127.0.0.1,"Mozilla/5.0 (Macintosh; Intel Mac OS X 10.15; rv:142.0) Gecko/20100101 Firefox/142.0"
timestamp,path,referrer,ip,ua
2025-09-06T19:54:30+00:00,/packs.html,,127.0.0.1,"Mozilla/5.0 (Macintosh; Intel Mac OS X 10.15; rv:142.0) Gecko/20100101 Firefox/142.0"
timestamp,path,referrer,ip,ua
2025-09-06T19:54:31+00:00,/produit.php?slug=comicavm40,,127.0.0.1,"Mozilla/5.0 (Macintosh; Intel Mac OS X 10.15; rv:142.0) Gecko/20100101 Firefox/142.0"
timestamp,path,referrer,ip,ua
2025-09-06T19:54:33+00:00,/produit.php?slug=sacpgytech,,127.0.0.1,"Mozilla/5.0 (Macintosh; Intel Mac OS X 10.15; rv:142.0) Gecko/20100101 Firefox/142.0"
timestamp,path,referrer,ip,ua
2025-09-06T19:54:54+00:00,/packs.html,https://b7851f273a8159.lhr.life/contact.html,127.0.0.1,"Mozilla/5.0 (iPhone; CPU iPhone OS 18_3 like Mac OS X) AppleWebKit/605.1.15 (KHTML, like Gecko) Version/18.3 Mobile/15E148 Safari/604.1"
timestamp,path,referrer,ip,ua
2025-09-06T19:57:48+00:00,/produit.php?slug=comicavm40,,127.0.0.1,"Mozilla/5.0 (Macintosh; Intel Mac OS X 10.15; rv:142.0) Gecko/20100101 Firefox/142.0"
timestamp,path,referrer,ip,ua
2025-09-06T20:07:06+00:00,/,,127.0.0.1,"Mozilla/5.0 (Macintosh; Intel Mac OS X 10.15; rv:142.0) Gecko/20100101 Firefox/142.0"
timestamp,path,referrer,ip,ua
2025-09-06T20:07:08+00:00,/packs.html,,127.0.0.1,"Mozilla/5.0 (Macintosh; Intel Mac OS X 10.15; rv:142.0) Gecko/20100101 Firefox/142.0"
timestamp,path,referrer,ip,ua
2025-09-06T20:07:09+00:00,/produit.php?slug=comicavm40,,127.0.0.1,"Mozilla/5.0 (Macintosh; Intel Mac OS X 10.15; rv:142.0) Gecko/20100101 Firefox/142.0"
timestamp,path,referrer,ip,ua
2025-09-06T20:07:14+00:00,/packs.html,,127.0.0.1,"Mozilla/5.0 (Macintosh; Intel Mac OS X 10.15; rv:142.0) Gecko/20100101 Firefox/142.0"
timestamp,path,referrer,ip,ua
2025-09-06T20:07:15+00:00,/realisations.html,,127.0.0.1,"Mozilla/5.0 (Macintosh; Intel Mac OS X 10.15; rv:142.0) Gecko/20100101 Firefox/142.0"
timestamp,path,referrer,ip,ua
2025-09-06T20:07:16+00:00,/packs.html,,127.0.0.1,"Mozilla/5.0 (Macintosh; Intel Mac OS X 10.15; rv:142.0) Gecko/20100101 Firefox/142.0"
timestamp,path,referrer,ip,ua
2025-09-06T20:07:18+00:00,/produit.php?slug=comicavm40,,127.0.0.1,"Mozilla/5.0 (Macintosh; Intel Mac OS X 10.15; rv:142.0) Gecko/20100101 Firefox/142.0"
timestamp,path,referrer,ip,ua
2025-09-06T20:07:24+00:00,/packs.html,,127.0.0.1,"Mozilla/5.0 (Macintosh; Intel Mac OS X 10.15; rv:142.0) Gecko/20100101 Firefox/142.0"
timestamp,path,referrer,ip,ua
2025-09-06T20:07:57+00:00,/produit.php?slug=neewercb300,,127.0.0.1,"Mozilla/5.0 (Macintosh; Intel Mac OS X 10.15; rv:142.0) Gecko/20100101 Firefox/142.0"
timestamp,path,referrer,ip,ua
2025-09-06T20:08:00+00:00,/apropos.html,,127.0.0.1,"Mozilla/5.0 (Macintosh; Intel Mac OS X 10.15; rv:142.0) Gecko/20100101 Firefox/142.0"
timestamp,path,referrer,ip,ua
2025-09-06T20:08:01+00:00,/calendrier.html,,127.0.0.1,"Mozilla/5.0 (Macintosh; Intel Mac OS X 10.15; rv:142.0) Gecko/20100101 Firefox/142.0"
timestamp,path,referrer,ip,ua
2025-09-06T20:08:02+00:00,/realisations.html,,127.0.0.1,"Mozilla/5.0 (Macintosh; Intel Mac OS X 10.15; rv:142.0) Gecko/20100101 Firefox/142.0"
timestamp,path,referrer,ip,ua
2025-09-06T20:08:04+00:00,/packs.html,,127.0.0.1,"Mozilla/5.0 (Macintosh; Intel Mac OS X 10.15; rv:142.0) Gecko/20100101 Firefox/142.0"
timestamp,path,referrer,ip,ua
2025-09-06T20:08:34+00:00,/,,127.0.0.1,"Mozilla/5.0 (iPhone; CPU iPhone OS 18_3 like Mac OS X) AppleWebKit/605.1.15 (KHTML, like Gecko) Version/18.3 Mobile/15E148 Safari/604.1"
timestamp,path,referrer,ip,ua
2025-09-06T20:08:40+00:00,/packs.html,https://0949328672fd4e.lhr.life/,127.0.0.1,"Mozilla/5.0 (iPhone; CPU iPhone OS 18_3 like Mac OS X) AppleWebKit/605.1.15 (KHTML, like Gecko) Version/18.3 Mobile/15E148 Safari/604.1"
timestamp,path,referrer,ip,ua
2025-09-06T20:09:56+00:00,/produit.php?slug=comicavm40,,127.0.0.1,"Mozilla/5.0 (Macintosh; Intel Mac OS X 10.15; rv:142.0) Gecko/20100101 Firefox/142.0"
timestamp,path,referrer,ip,ua
2025-09-06T20:10:43+00:00,/packs.html,,127.0.0.1,"Mozilla/5.0 (Macintosh; Intel Mac OS X 10.15; rv:142.0) Gecko/20100101 Firefox/142.0"
timestamp,path,referrer,ip,ua
2025-09-06T20:10:44+00:00,/produit.php?slug=comicavm40,,127.0.0.1,"Mozilla/5.0 (Macintosh; Intel Mac OS X 10.15; rv:142.0) Gecko/20100101 Firefox/142.0"
timestamp,path,referrer,ip,ua
2025-09-06T20:16:55+00:00,/packs.html,,127.0.0.1,"Mozilla/5.0 (Macintosh; Intel Mac OS X 10.15; rv:142.0) Gecko/20100101 Firefox/142.0"
timestamp,path,referrer,ip,ua
2025-09-06T20:16:56+00:00,/produit.php?slug=comicavm40,,127.0.0.1,"Mozilla/5.0 (Macintosh; Intel Mac OS X 10.15; rv:142.0) Gecko/20100101 Firefox/142.0"
timestamp,path,referrer,ip,ua
2025-09-06T20:16:59+00:00,/packs.html,,127.0.0.1,"Mozilla/5.0 (Macintosh; Intel Mac OS X 10.15; rv:142.0) Gecko/20100101 Firefox/142.0"
timestamp,path,referrer,ip,ua
2025-09-06T20:17:00+00:00,/produit.php?slug=pack-fx30-1770,,127.0.0.1,"Mozilla/5.0 (Macintosh; Intel Mac OS X 10.15; rv:142.0) Gecko/20100101 Firefox/142.0"
timestamp,path,referrer,ip,ua
2025-09-06T20:17:12+00:00,/packs.html,,127.0.0.1,"Mozilla/5.0 (Macintosh; Intel Mac OS X 10.15; rv:142.0) Gecko/20100101 Firefox/142.0"
timestamp,path,referrer,ip,ua
2025-09-06T20:17:14+00:00,/produit.php?slug=neewercb300,,127.0.0.1,"Mozilla/5.0 (Macintosh; Intel Mac OS X 10.15; rv:142.0) Gecko/20100101 Firefox/142.0"
timestamp,path,referrer,ip,ua
2025-09-06T20:17:20+00:00,/produit.php?slug=sacpgytech,,127.0.0.1,"Mozilla/5.0 (Macintosh; Intel Mac OS X 10.15; rv:142.0) Gecko/20100101 Firefox/142.0"
timestamp,path,referrer,ip,ua
2025-09-06T20:17:28+00:00,/calendrier.html,,127.0.0.1,"Mozilla/5.0 (Macintosh; Intel Mac OS X 10.15; rv:142.0) Gecko/20100101 Firefox/142.0"
timestamp,path,referrer,ip,ua
2025-09-06T20:17:52+00:00,/packs.html,,127.0.0.1,"Mozilla/5.0 (Macintosh; Intel Mac OS X 10.15; rv:142.0) Gecko/20100101 Firefox/142.0"
timestamp,path,referrer,ip,ua
2025-09-06T20:17:55+00:00,/calendrier.html,,127.0.0.1,"Mozilla/5.0 (Macintosh; Intel Mac OS X 10.15; rv:142.0) Gecko/20100101 Firefox/142.0"
timestamp,path,referrer,ip,ua
2025-09-06T20:21:05+00:00,/,,127.0.0.1,"Mozilla/5.0 (Macintosh; Intel Mac OS X 10.15; rv:142.0) Gecko/20100101 Firefox/142.0"
timestamp,path,referrer,ip,ua
2025-09-06T20:21:27+00:00,/,,127.0.0.1,"Mozilla/5.0 (iPhone; CPU iPhone OS 18_3 like Mac OS X) AppleWebKit/605.1.15 (KHTML, like Gecko) Version/18.3 Mobile/15E148 Safari/604.1"
timestamp,path,referrer,ip,ua
2025-09-06T20:21:37+00:00,/produit.php?slug=pack-pret-a-tourner,https://40ca4d9b9f9d1e.lhr.life/,127.0.0.1,"Mozilla/5.0 (iPhone; CPU iPhone OS 18_3 like Mac OS X) AppleWebKit/605.1.15 (KHTML, like Gecko) Version/18.3 Mobile/15E148 Safari/604.1"
timestamp,path,referrer,ip,ua
2025-09-06T20:21:49+00:00,/calendrier.html?produit=pack-pret-a-tourner&itemName=Pr%C3%AAt%20%C3%A0%20tourner%20%E2%80%94%20FX30%20%2B%20kit%20complet,https://40ca4d9b9f9d1e.lhr.life/produit.php?slug=pack-pret-a-tourner,127.0.0.1,"Mozilla/5.0 (iPhone; CPU iPhone OS 18_3 like Mac OS X) AppleWebKit/605.1.15 (KHTML, like Gecko) Version/18.3 Mobile/15E148 Safari/604.1"
timestamp,path,referrer,ip,ua
2025-09-06T20:22:22+00:00,/calendrier.html,,127.0.0.1,"Mozilla/5.0 (Macintosh; Intel Mac OS X 10.15; rv:142.0) Gecko/20100101 Firefox/142.0"
timestamp,path,referrer,ip,ua
2025-09-06T20:22:27+00:00,/packs.html,,127.0.0.1,"Mozilla/5.0 (Macintosh; Intel Mac OS X 10.15; rv:142.0) Gecko/20100101 Firefox/142.0"
timestamp,path,referrer,ip,ua
2025-09-06T20:22:28+00:00,/produit.php?slug=comicavm40,,127.0.0.1,"Mozilla/5.0 (Macintosh; Intel Mac OS X 10.15; rv:142.0) Gecko/20100101 Firefox/142.0"
timestamp,path,referrer,ip,ua
2025-09-06T20:22:34+00:00,/produit.php?slug=neewercb300,,127.0.0.1,"Mozilla/5.0 (Macintosh; Intel Mac OS X 10.15; rv:142.0) Gecko/20100101 Firefox/142.0"
timestamp,path,referrer,ip,ua
2025-09-06T20:22:36+00:00,/calendrier.html?produit=neewercb300&itemName=NEEWER%20CB300C,,127.0.0.1,"Mozilla/5.0 (Macintosh; Intel Mac OS X 10.15; rv:142.0) Gecko/20100101 Firefox/142.0"
timestamp,path,referrer,ip,ua
2025-09-06T20:23:10+00:00,/produit.php?slug=sacpgytech,,127.0.0.1,"Mozilla/5.0 (Macintosh; Intel Mac OS X 10.15; rv:142.0) Gecko/20100101 Firefox/142.0"
timestamp,path,referrer,ip,ua
2025-09-06T20:23:13+00:00,/calendrier.html?produit=sacpgytech&itemName=Sac%20de%20transport%20Pgytech,,127.0.0.1,"Mozilla/5.0 (Macintosh; Intel Mac OS X 10.15; rv:142.0) Gecko/20100101 Firefox/142.0"
timestamp,path,referrer,ip,ua
2025-09-06T20:24:07+00:00,/,,127.0.0.1,"Mozilla/5.0 (Macintosh; Intel Mac OS X 10.15; rv:142.0) Gecko/20100101 Firefox/142.0"
timestamp,path,referrer,ip,ua
2025-09-06T20:24:13+00:00,/packs.html,https://40ca4d9b9f9d1e.lhr.life/,127.0.0.1,"Mozilla/5.0 (Macintosh; Intel Mac OS X 10.15; rv:142.0) Gecko/20100101 Firefox/142.0"
timestamp,path,referrer,ip,ua
2025-09-06T20:24:19+00:00,/produit.php?slug=comicavm40,,127.0.0.1,"Mozilla/5.0 (Macintosh; Intel Mac OS X 10.15; rv:142.0) Gecko/20100101 Firefox/142.0"
timestamp,path,referrer,ip,ua
2025-09-06T20:24:25+00:00,/packs.html,,127.0.0.1,"Mozilla/5.0 (Macintosh; Intel Mac OS X 10.15; rv:142.0) Gecko/20100101 Firefox/142.0"
timestamp,path,referrer,ip,ua
2025-09-06T20:24:29+00:00,/produit.php?slug=pack-fx30-1770,,127.0.0.1,"Mozilla/5.0 (Macintosh; Intel Mac OS X 10.15; rv:142.0) Gecko/20100101 Firefox/142.0"
timestamp,path,referrer,ip,ua
2025-09-06T20:24:36+00:00,/calendrier.html?produit=pack-fx30-1770&itemName=FX30%20%2B%2017%2F70mm,,127.0.0.1,"Mozilla/5.0 (Macintosh; Intel Mac OS X 10.15; rv:142.0) Gecko/20100101 Firefox/142.0"
timestamp,path,referrer,ip,ua
2025-09-06T20:25:28+00:00,/calendrier.html?produit=pack-fx30-1770&itemName=FX30%20%2B%2017%2F70mm&dates=2025-09-14%2C2025-09-15%2C2025-09-16,,127.0.0.1,"Mozilla/5.0 (Macintosh; Intel Mac OS X 10.15; rv:142.0) Gecko/20100101 Firefox/142.0"
timestamp,path,referrer,ip,ua
2025-09-06T20:27:49+00:00,/calendrier.html,,127.0.0.1,"Mozilla/5.0 (Macintosh; Intel Mac OS X 10.15; rv:142.0) Gecko/20100101 Firefox/142.0"
timestamp,path,referrer,ip,ua
2025-09-06T20:36:30+00:00,/calendrier.html?produit=pack-pret-a-tourner&itemName=Pr%C3%AAt%20%C3%A0%20tourner%20%E2%80%94%20FX30%20%2B%20kit%20complet,https://40ca4d9b9f9d1e.lhr.life/produit.php?slug=pack-pret-a-tourner,127.0.0.1,"Mozilla/5.0 (iPhone; CPU iPhone OS 18_3 like Mac OS X) AppleWebKit/605.1.15 (KHTML, like Gecko) Version/18.3 Mobile/15E148 Safari/604.1"
timestamp,path,referrer,ip,ua
2025-09-06T20:59:33+00:00,/,,127.0.0.1,"Mozilla/5.0 (Macintosh; Intel Mac OS X 10.15; rv:142.0) Gecko/20100101 Firefox/142.0"
timestamp,path,referrer,ip,ua
2025-09-06T20:59:36+00:00,/packs.html,,127.0.0.1,"Mozilla/5.0 (Macintosh; Intel Mac OS X 10.15; rv:142.0) Gecko/20100101 Firefox/142.0"
timestamp,path,referrer,ip,ua
2025-09-06T20:59:38+00:00,/produit.php?slug=comicavm40,,127.0.0.1,"Mozilla/5.0 (Macintosh; Intel Mac OS X 10.15; rv:142.0) Gecko/20100101 Firefox/142.0"
timestamp,path,referrer,ip,ua
2025-09-06T20:59:44+00:00,/calendrier.html,,127.0.0.1,"Mozilla/5.0 (Macintosh; Intel Mac OS X 10.15; rv:142.0) Gecko/20100101 Firefox/142.0"
timestamp,path,referrer,ip,ua
2025-09-06T21:01:42+00:00,/,,127.0.0.1,"Mozilla/5.0 (Macintosh; Intel Mac OS X 10.15; rv:142.0) Gecko/20100101 Firefox/142.0"
timestamp,path,referrer,ip,ua
2025-09-06T21:02:06+00:00,/,,127.0.0.1,"Mozilla/5.0 (iPhone; CPU iPhone OS 18_3 like Mac OS X) AppleWebKit/605.1.15 (KHTML, like Gecko) Version/18.3 Mobile/15E148 Safari/604.1"
timestamp,path,referrer,ip,ua
2025-09-06T21:02:11+00:00,/calendrier.html,https://db55472437aa2f.lhr.life/,127.0.0.1,"Mozilla/5.0 (iPhone; CPU iPhone OS 18_3 like Mac OS X) AppleWebKit/605.1.15 (KHTML, like Gecko) Version/18.3 Mobile/15E148 Safari/604.1"
timestamp,path,referrer,ip,ua
2025-09-06T21:02:33+00:00,/packs.html,https://db55472437aa2f.lhr.life/calendrier.html,127.0.0.1,"Mozilla/5.0 (iPhone; CPU iPhone OS 18_3 like Mac OS X) AppleWebKit/605.1.15 (KHTML, like Gecko) Version/18.3 Mobile/15E148 Safari/604.1"
timestamp,path,referrer,ip,ua
2025-09-06T21:02:38+00:00,/produit.php?slug=sony-fx30,https://db55472437aa2f.lhr.life/packs.html,127.0.0.1,"Mozilla/5.0 (iPhone; CPU iPhone OS 18_3 like Mac OS X) AppleWebKit/605.1.15 (KHTML, like Gecko) Version/18.3 Mobile/15E148 Safari/604.1"
timestamp,path,referrer,ip,ua
2025-09-06T21:02:55+00:00,/,,127.0.0.1,"Mozilla/5.0 (Macintosh; Intel Mac OS X 10.15; rv:142.0) Gecko/20100101 Firefox/142.0"
timestamp,path,referrer,ip,ua
2025-09-06T21:03:01+00:00,/packs.html,https://db55472437aa2f.lhr.life/,127.0.0.1,"Mozilla/5.0 (Macintosh; Intel Mac OS X 10.15; rv:142.0) Gecko/20100101 Firefox/142.0"
timestamp,path,referrer,ip,ua
2025-09-06T21:03:08+00:00,/produit.php?slug=comicavm40,,127.0.0.1,"Mozilla/5.0 (Macintosh; Intel Mac OS X 10.15; rv:142.0) Gecko/20100101 Firefox/142.0"
timestamp,path,referrer,ip,ua
2025-09-06T21:03:22+00:00,/calendrier.html?produit=comicavm40&itemName=Comica%20VM40&dates=2025-09-29%2C2025-09-30,,127.0.0.1,"Mozilla/5.0 (Macintosh; Intel Mac OS X 10.15; rv:142.0) Gecko/20100101 Firefox/142.0"
timestamp,path,referrer,ip,ua
2025-09-06T21:22:24+00:00,/,,127.0.0.1,"Mozilla/5.0 (Macintosh; Intel Mac OS X 10.15; rv:142.0) Gecko/20100101 Firefox/142.0"
timestamp,path,referrer,ip,ua
2025-09-06T21:22:26+00:00,/packs.html,,127.0.0.1,"Mozilla/5.0 (Macintosh; Intel Mac OS X 10.15; rv:142.0) Gecko/20100101 Firefox/142.0"
timestamp,path,referrer,ip,ua
2025-09-06T21:22:30+00:00,/produit.php?slug=comicavm40,,127.0.0.1,"Mozilla/5.0 (Macintosh; Intel Mac OS X 10.15; rv:142.0) Gecko/20100101 Firefox/142.0"
timestamp,path,referrer,ip,ua
2025-09-06T21:22:38+00:00,/calendrier.html,,127.0.0.1,"Mozilla/5.0 (Macintosh; Intel Mac OS X 10.15; rv:142.0) Gecko/20100101 Firefox/142.0"
timestamp,path,referrer,ip,ua
2025-09-06T21:23:06+00:00,/calendrier.html?produit=comicavm40&itemName=Comica%20VM40,,127.0.0.1,"Mozilla/5.0 (Macintosh; Intel Mac OS X 10.15; rv:142.0) Gecko/20100101 Firefox/142.0"
timestamp,path,referrer,ip,ua
2025-09-06T21:23:11+00:00,/calendrier.html?produit=comicavm40&itemName=Comica%20VM40&dates=2025-09-15%2C2025-09-16%2C2025-09-17,,127.0.0.1,"Mozilla/5.0 (Macintosh; Intel Mac OS X 10.15; rv:142.0) Gecko/20100101 Firefox/142.0"
timestamp,path,referrer,ip,ua
2025-09-06T21:23:40+00:00,/,,127.0.0.1,"Mozilla/5.0 (iPhone; CPU iPhone OS 18_3 like Mac OS X) AppleWebKit/605.1.15 (KHTML, like Gecko) Version/18.3 Mobile/15E148 Safari/604.1"
timestamp,path,referrer,ip,ua
2025-09-06T21:23:45+00:00,/packs.html,https://31724f867ca2d2.lhr.life/,127.0.0.1,"Mozilla/5.0 (iPhone; CPU iPhone OS 18_3 like Mac OS X) AppleWebKit/605.1.15 (KHTML, like Gecko) Version/18.3 Mobile/15E148 Safari/604.1"
timestamp,path,referrer,ip,ua
2025-09-06T21:25:45+00:00,/packs.html,,127.0.0.1,"Mozilla/5.0 (Macintosh; Intel Mac OS X 10.15; rv:142.0) Gecko/20100101 Firefox/142.0"
timestamp,path,referrer,ip,ua
2025-09-06T21:26:43+00:00,/produit.php?slug=lilliputa7s,,127.0.0.1,"Mozilla/5.0 (Macintosh; Intel Mac OS X 10.15; rv:142.0) Gecko/20100101 Firefox/142.0"
timestamp,path,referrer,ip,ua
2025-09-06T21:31:11+00:00,/calendrier.html?produit=lilliputa7s&itemName=Moniteur%20vid%C3%A9o%20LILLIPUT%20A7S%207%22%20HDMI%204K&dates=2025-09-16%2C2025-09-17%2C2025-09-18,,127.0.0.1,"Mozilla/5.0 (Macintosh; Intel Mac OS X 10.15; rv:142.0) Gecko/20100101 Firefox/142.0"
timestamp,path,referrer,ip,ua
2025-09-06T21:31:27+00:00,/packs.html,https://31724f867ca2d2.lhr.life/packs.html,127.0.0.1,"Mozilla/5.0 (iPhone; CPU iPhone OS 18_3 like Mac OS X) AppleWebKit/605.1.15 (KHTML, like Gecko) Version/18.3 Mobile/15E148 Safari/604.1"
timestamp,path,referrer,ip,ua
2025-09-06T21:31:34+00:00,/produit.php?slug=sony-fx30,https://31724f867ca2d2.lhr.life/packs.html,127.0.0.1,"Mozilla/5.0 (iPhone; CPU iPhone OS 18_3 like Mac OS X) AppleWebKit/605.1.15 (KHTML, like Gecko) Version/18.3 Mobile/15E148 Safari/604.1"
timestamp,path,referrer,ip,ua
2025-09-06T21:46:02+00:00,/,,127.0.0.1,"Mozilla/5.0 (Macintosh; Intel Mac OS X 10.15; rv:142.0) Gecko/20100101 Firefox/142.0"
timestamp,path,referrer,ip,ua
2025-09-06T21:46:03+00:00,/packs.html,,127.0.0.1,"Mozilla/5.0 (Macintosh; Intel Mac OS X 10.15; rv:142.0) Gecko/20100101 Firefox/142.0"
timestamp,path,referrer,ip,ua
2025-09-06T21:46:19+00:00,/produit.php?slug=comicavm40,,127.0.0.1,"Mozilla/5.0 (Macintosh; Intel Mac OS X 10.15; rv:142.0) Gecko/20100101 Firefox/142.0"
timestamp,path,referrer,ip,ua
2025-09-06T21:46:45+00:00,/,,127.0.0.1,"Mozilla/5.0 (iPhone; CPU iPhone OS 18_3 like Mac OS X) AppleWebKit/605.1.15 (KHTML, like Gecko) Version/18.3 Mobile/15E148 Safari/604.1"
timestamp,path,referrer,ip,ua
2025-09-06T21:46:49+00:00,/packs.html,https://78d7621029ca62.lhr.life/,127.0.0.1,"Mozilla/5.0 (iPhone; CPU iPhone OS 18_3 like Mac OS X) AppleWebKit/605.1.15 (KHTML, like Gecko) Version/18.3 Mobile/15E148 Safari/604.1"
timestamp,path,referrer,ip,ua
2025-09-06T21:46:55+00:00,/produit.php?slug=sony-fx30,https://78d7621029ca62.lhr.life/packs.html,127.0.0.1,"Mozilla/5.0 (iPhone; CPU iPhone OS 18_3 like Mac OS X) AppleWebKit/605.1.15 (KHTML, like Gecko) Version/18.3 Mobile/15E148 Safari/604.1"
timestamp,path,referrer,ip,ua
2025-09-06T21:47:09+00:00,/produit.php?slug=pack-cb300c-softbox-pied,https://78d7621029ca62.lhr.life/packs.html,127.0.0.1,"Mozilla/5.0 (iPhone; CPU iPhone OS 18_3 like Mac OS X) AppleWebKit/605.1.15 (KHTML, like Gecko) Version/18.3 Mobile/15E148 Safari/604.1"
timestamp,path,referrer,ip,ua
2025-09-06T21:47:13+00:00,/packs.html,https://78d7621029ca62.lhr.life/,127.0.0.1,"Mozilla/5.0 (iPhone; CPU iPhone OS 18_3 like Mac OS X) AppleWebKit/605.1.15 (KHTML, like Gecko) Version/18.3 Mobile/15E148 Safari/604.1"
timestamp,path,referrer,ip,ua
2025-09-06T21:47:18+00:00,/produit.php?slug=sony-fx30,https://78d7621029ca62.lhr.life/packs.html,127.0.0.1,"Mozilla/5.0 (iPhone; CPU iPhone OS 18_3 like Mac OS X) AppleWebKit/605.1.15 (KHTML, like Gecko) Version/18.3 Mobile/15E148 Safari/604.1"
timestamp,path,referrer,ip,ua
2025-09-06T21:51:15+00:00,/packs.html,,127.0.0.1,"Mozilla/5.0 (Macintosh; Intel Mac OS X 10.15; rv:142.0) Gecko/20100101 Firefox/142.0"
timestamp,path,referrer,ip,ua
2025-09-06T21:54:29+00:00,/index.html,,127.0.0.1,"Mozilla/5.0 (Macintosh; Intel Mac OS X 10.15; rv:142.0) Gecko/20100101 Firefox/142.0"
timestamp,path,referrer,ip,ua
2025-09-06T21:54:38+00:00,/index.html,https://78d7621029ca62.lhr.life/packs.html,127.0.0.1,"Mozilla/5.0 (iPhone; CPU iPhone OS 18_3 like Mac OS X) AppleWebKit/605.1.15 (KHTML, like Gecko) Version/18.3 Mobile/15E148 Safari/604.1"
timestamp,path,referrer,ip,ua
2025-09-06T21:56:54+00:00,/packs.html,,127.0.0.1,"Mozilla/5.0 (Macintosh; Intel Mac OS X 10.15; rv:142.0) Gecko/20100101 Firefox/142.0"
timestamp,path,referrer,ip,ua
2025-09-06T21:56:56+00:00,/produit.php?slug=comicavm40,,127.0.0.1,"Mozilla/5.0 (Macintosh; Intel Mac OS X 10.15; rv:142.0) Gecko/20100101 Firefox/142.0"
timestamp,path,referrer,ip,ua
2025-09-06T22:07:54+00:00,/,,127.0.0.1,"Mozilla/5.0 (Macintosh; Intel Mac OS X 10.15; rv:142.0) Gecko/20100101 Firefox/142.0"
timestamp,path,referrer,ip,ua
2025-09-06T22:07:57+00:00,/packs.html,,127.0.0.1,"Mozilla/5.0 (Macintosh; Intel Mac OS X 10.15; rv:142.0) Gecko/20100101 Firefox/142.0"
timestamp,path,referrer,ip,ua
2025-09-06T22:08:00+00:00,/produit.php?slug=comicavm40,,127.0.0.1,"Mozilla/5.0 (Macintosh; Intel Mac OS X 10.15; rv:142.0) Gecko/20100101 Firefox/142.0"
timestamp,path,referrer,ip,ua
2025-09-06T22:08:50+00:00,/,,127.0.0.1,"Mozilla/5.0 (iPhone; CPU iPhone OS 18_3 like Mac OS X) AppleWebKit/605.1.15 (KHTML, like Gecko) Version/18.3 Mobile/15E148 Safari/604.1"
timestamp,path,referrer,ip,ua
2025-09-06T22:09:06+00:00,/,,127.0.0.1,"Mozilla/5.0 (Macintosh; Intel Mac OS X 10.15; rv:142.0) Gecko/20100101 Firefox/142.0"
timestamp,path,referrer,ip,ua
2025-09-06T22:09:16+00:00,/packs.html,https://f088be75e2cf44.lhr.life/,127.0.0.1,"Mozilla/5.0 (iPhone; CPU iPhone OS 18_3 like Mac OS X) AppleWebKit/605.1.15 (KHTML, like Gecko) Version/18.3 Mobile/15E148 Safari/604.1"
timestamp,path,referrer,ip,ua
2025-09-06T22:10:25+00:00,/index.html,,127.0.0.1,"Mozilla/5.0 (Macintosh; Intel Mac OS X 10.15; rv:142.0) Gecko/20100101 Firefox/142.0"
timestamp,path,referrer,ip,ua
2025-09-06T22:10:37+00:00,/packs.html,,127.0.0.1,"Mozilla/5.0 (Macintosh; Intel Mac OS X 10.15; rv:142.0) Gecko/20100101 Firefox/142.0"
timestamp,path,referrer,ip,ua
2025-09-06T22:11:21+00:00,/produit.php?slug=pack-pret-a-tourner,,127.0.0.1,"Mozilla/5.0 (Macintosh; Intel Mac OS X 10.15; rv:142.0) Gecko/20100101 Firefox/142.0"
timestamp,path,referrer,ip,ua
2025-09-06T22:12:08+00:00,/produit.php?slug=pack-cb300c-softbox-pied,,127.0.0.1,"Mozilla/5.0 (Macintosh; Intel Mac OS X 10.15; rv:142.0) Gecko/20100101 Firefox/142.0"
timestamp,path,referrer,ip,ua
2025-09-06T22:15:55+00:00,/index.html,,127.0.0.1,"Mozilla/5.0 (Macintosh; Intel Mac OS X 10.15; rv:142.0) Gecko/20100101 Firefox/142.0"
timestamp,path,referrer,ip,ua
2025-09-06T22:15:58+00:00,/index.html,,127.0.0.1,"Mozilla/5.0 (Macintosh; Intel Mac OS X 10.15; rv:142.0) Gecko/20100101 Firefox/142.0"
timestamp,path,referrer,ip,ua
2025-09-06T22:16:22+00:00,/calendrier.html,,127.0.0.1,"Mozilla/5.0 (Macintosh; Intel Mac OS X 10.15; rv:142.0) Gecko/20100101 Firefox/142.0"
timestamp,path,referrer,ip,ua
2025-09-06T22:16:27+00:00,/packs.html,,127.0.0.1,"Mozilla/5.0 (Macintosh; Intel Mac OS X 10.15; rv:142.0) Gecko/20100101 Firefox/142.0"
timestamp,path,referrer,ip,ua
2025-09-06T22:16:27+00:00,/produit.php?slug=pack-pret-a-tourner,,127.0.0.1,"Mozilla/5.0 (Macintosh; Intel Mac OS X 10.15; rv:142.0) Gecko/20100101 Firefox/142.0"
timestamp,path,referrer,ip,ua
2025-09-06T22:16:30+00:00,/calendrier.html?produit=pack-pret-a-tourner&itemName=Pr%C3%AAt%20%C3%A0%20tourner%20%E2%80%94%20FX30%20%2B%20kit%20complet&dates=2025-09-14%2C2025-09-15%2C2025-09-16,,127.0.0.1,"Mozilla/5.0 (Macintosh; Intel Mac OS X 10.15; rv:142.0) Gecko/20100101 Firefox/142.0"
timestamp,path,referrer,ip,ua
2025-09-06T22:17:58+00:00,/packs.html,,127.0.0.1,"Mozilla/5.0 (Macintosh; Intel Mac OS X 10.15; rv:142.0) Gecko/20100101 Firefox/142.0"
timestamp,path,referrer,ip,ua
2025-09-06T22:27:09+00:00,/,,127.0.0.1,"Mozilla/5.0 (Macintosh; Intel Mac OS X 10.15; rv:142.0) Gecko/20100101 Firefox/142.0"
timestamp,path,referrer,ip,ua
2025-09-06T22:27:10+00:00,/,,127.0.0.1,"Mozilla/5.0 (Macintosh; Intel Mac OS X 10.15; rv:142.0) Gecko/20100101 Firefox/142.0"
timestamp,path,referrer,ip,ua
2025-09-06T22:27:35+00:00,/,,127.0.0.1,"Mozilla/5.0 (iPhone; CPU iPhone OS 18_3 like Mac OS X) AppleWebKit/605.1.15 (KHTML, like Gecko) Version/18.3 Mobile/15E148 Safari/604.1"
timestamp,path,referrer,ip,ua
2025-09-06T22:27:43+00:00,/packs.html,https://03160b41b14eb6.lhr.life/,127.0.0.1,"Mozilla/5.0 (iPhone; CPU iPhone OS 18_3 like Mac OS X) AppleWebKit/605.1.15 (KHTML, like Gecko) Version/18.3 Mobile/15E148 Safari/604.1"
timestamp,path,referrer,ip,ua
2025-09-06T22:27:55+00:00,/packs.html,,127.0.0.1,"Mozilla/5.0 (Macintosh; Intel Mac OS X 10.15; rv:142.0) Gecko/20100101 Firefox/142.0"
timestamp,path,referrer,ip,ua
2025-09-06T22:28:06+00:00,/produit.php?slug=pack-pret-a-tourner,,127.0.0.1,"Mozilla/5.0 (Macintosh; Intel Mac OS X 10.15; rv:142.0) Gecko/20100101 Firefox/142.0"
timestamp,path,referrer,ip,ua
2025-09-06T22:28:15+00:00,/produit.php?slug=sdlexar128g,,127.0.0.1,"Mozilla/5.0 (Macintosh; Intel Mac OS X 10.15; rv:142.0) Gecko/20100101 Firefox/142.0"
timestamp,path,referrer,ip,ua
2025-09-06T22:28:28+00:00,/calendrier.html,,127.0.0.1,"Mozilla/5.0 (Macintosh; Intel Mac OS X 10.15; rv:142.0) Gecko/20100101 Firefox/142.0"
timestamp,path,referrer,ip,ua
2025-09-06T22:29:02+00:00,/,,127.0.0.1,"Mozilla/5.0 (Macintosh; Intel Mac OS X 10.15; rv:142.0) Gecko/20100101 Firefox/142.0"
timestamp,path,referrer,ip,ua
2025-09-06T22:29:08+00:00,/produit.php?slug=comicavm40,https://03160b41b14eb6.lhr.life/,127.0.0.1,"Mozilla/5.0 (Macintosh; Intel Mac OS X 10.15; rv:142.0) Gecko/20100101 Firefox/142.0"
timestamp,path,referrer,ip,ua
2025-09-06T22:29:10+00:00,/index.html,,127.0.0.1,"Mozilla/5.0 (Macintosh; Intel Mac OS X 10.15; rv:142.0) Gecko/20100101 Firefox/142.0"
timestamp,path,referrer,ip,ua
2025-09-06T22:29:21+00:00,/packs.html,,127.0.0.1,"Mozilla/5.0 (Macintosh; Intel Mac OS X 10.15; rv:142.0) Gecko/20100101 Firefox/142.0"
timestamp,path,referrer,ip,ua
2025-09-06T22:30:43+00:00,/index.html,https://03160b41b14eb6.lhr.life/packs.html,127.0.0.1,"Mozilla/5.0 (iPhone; CPU iPhone OS 18_3 like Mac OS X) AppleWebKit/605.1.15 (KHTML, like Gecko) Version/18.3 Mobile/15E148 Safari/604.1"
timestamp,path,referrer,ip,ua
2025-09-06T22:30:51+00:00,/produit.php?slug=pack-cb300c-softbox-pied,https://03160b41b14eb6.lhr.life/index.html,127.0.0.1,"Mozilla/5.0 (iPhone; CPU iPhone OS 18_3 like Mac OS X) AppleWebKit/605.1.15 (KHTML, like Gecko) Version/18.3 Mobile/15E148 Safari/604.1"
timestamp,path,referrer,ip,ua
2025-09-06T22:30:55+00:00,/calendrier.html,https://03160b41b14eb6.lhr.life/produit.php?slug=pack-cb300c-softbox-pied,127.0.0.1,"Mozilla/5.0 (iPhone; CPU iPhone OS 18_3 like Mac OS X) AppleWebKit/605.1.15 (KHTML, like Gecko) Version/18.3 Mobile/15E148 Safari/604.1"
timestamp,path,referrer,ip,ua
2025-09-06T22:30:57+00:00,/packs.html,https://03160b41b14eb6.lhr.life/calendrier.html,127.0.0.1,"Mozilla/5.0 (iPhone; CPU iPhone OS 18_3 like Mac OS X) AppleWebKit/605.1.15 (KHTML, like Gecko) Version/18.3 Mobile/15E148 Safari/604.1"
timestamp,path,referrer,ip,ua
2025-09-06T22:32:23+00:00,/calendrier.html,,127.0.0.1,"Mozilla/5.0 (Macintosh; Intel Mac OS X 10.15; rv:142.0) Gecko/20100101 Firefox/142.0"
timestamp,path,referrer,ip,ua
2025-09-06T22:48:01+00:00,/,,127.0.0.1,"Mozilla/5.0 (Macintosh; Intel Mac OS X 10.15; rv:142.0) Gecko/20100101 Firefox/142.0"
timestamp,path,referrer,ip,ua
2025-09-06T22:48:12+00:00,/produit.php?slug=comicavm40,,127.0.0.1,"Mozilla/5.0 (Macintosh; Intel Mac OS X 10.15; rv:142.0) Gecko/20100101 Firefox/142.0"
timestamp,path,referrer,ip,ua
2025-09-06T22:49:05+00:00,/packs.html,,127.0.0.1,"Mozilla/5.0 (Macintosh; Intel Mac OS X 10.15; rv:142.0) Gecko/20100101 Firefox/142.0"
timestamp,path,referrer,ip,ua
2025-09-06T22:49:19+00:00,/packs.html,,127.0.0.1,"Mozilla/5.0 (Macintosh; Intel Mac OS X 10.15; rv:142.0) Gecko/20100101 Firefox/142.0"
timestamp,path,referrer,ip,ua
2025-09-06T22:49:22+00:00,/produit.php?slug=pack-pret-a-tourner,,127.0.0.1,"Mozilla/5.0 (Macintosh; Intel Mac OS X 10.15; rv:142.0) Gecko/20100101 Firefox/142.0"
timestamp,path,referrer,ip,ua
2025-09-06T22:49:59+00:00,/,,127.0.0.1,"Mozilla/5.0 (iPhone; CPU iPhone OS 18_3 like Mac OS X) AppleWebKit/605.1.15 (KHTML, like Gecko) Version/18.3 Mobile/15E148 Safari/604.1"
timestamp,path,referrer,ip,ua
2025-09-06T22:50:06+00:00,/packs.html,https://650a5d1fdc639d.lhr.life/,127.0.0.1,"Mozilla/5.0 (iPhone; CPU iPhone OS 18_3 like Mac OS X) AppleWebKit/605.1.15 (KHTML, like Gecko) Version/18.3 Mobile/15E148 Safari/604.1"
timestamp,path,referrer,ip,ua
2025-09-06T22:50:35+00:00,/packs.html,https://650a5d1fdc639d.lhr.life/packs.html,127.0.0.1,"Mozilla/5.0 (iPhone; CPU iPhone OS 18_3 like Mac OS X) AppleWebKit/605.1.15 (KHTML, like Gecko) Version/18.3 Mobile/15E148 Safari/604.1"
timestamp,path,referrer,ip,ua
2025-09-06T22:50:42+00:00,/produit.php?slug=sony-fx30,https://650a5d1fdc639d.lhr.life/packs.html,127.0.0.1,"Mozilla/5.0 (iPhone; CPU iPhone OS 18_3 like Mac OS X) AppleWebKit/605.1.15 (KHTML, like Gecko) Version/18.3 Mobile/15E148 Safari/604.1"
timestamp,path,referrer,ip,ua
2025-09-06T22:57:16+00:00,/,,127.0.0.1,"Mozilla/5.0 (Macintosh; Intel Mac OS X 10.15; rv:142.0) Gecko/20100101 Firefox/142.0"
timestamp,path,referrer,ip,ua
2025-09-06T22:57:31+00:00,/,,127.0.0.1,"Mozilla/5.0 (iPhone; CPU iPhone OS 18_3 like Mac OS X) AppleWebKit/605.1.15 (KHTML, like Gecko) Version/18.3 Mobile/15E148 Safari/604.1"
timestamp,path,referrer,ip,ua
2025-09-06T22:57:37+00:00,/packs.html,https://5301cae358dff0.lhr.life/,127.0.0.1,"Mozilla/5.0 (iPhone; CPU iPhone OS 18_3 like Mac OS X) AppleWebKit/605.1.15 (KHTML, like Gecko) Version/18.3 Mobile/15E148 Safari/604.1"
timestamp,path,referrer,ip,ua
2025-09-06T22:57:56+00:00,/produit.php?slug=comicavm40,,127.0.0.1,"Mozilla/5.0 (Macintosh; Intel Mac OS X 10.15; rv:142.0) Gecko/20100101 Firefox/142.0"
timestamp,path,referrer,ip,ua
2025-09-06T22:58:00+00:00,/packs.html,,127.0.0.1,"Mozilla/5.0 (Macintosh; Intel Mac OS X 10.15; rv:142.0) Gecko/20100101 Firefox/142.0"
timestamp,path,referrer,ip,ua
2025-09-06T22:58:15+00:00,/produit.php?slug=pack-pret-a-tourner,,127.0.0.1,"Mozilla/5.0 (Macintosh; Intel Mac OS X 10.15; rv:142.0) Gecko/20100101 Firefox/142.0"
timestamp,path,referrer,ip,ua
2025-09-06T22:59:20+00:00,/produit.php?slug=batteriesonynpfz100,,127.0.0.1,"Mozilla/5.0 (Macintosh; Intel Mac OS X 10.15; rv:142.0) Gecko/20100101 Firefox/142.0"
timestamp,path,referrer,ip,ua
2025-09-06T23:11:49+00:00,/,,127.0.0.1,"Mozilla/5.0 (Macintosh; Intel Mac OS X 10.15; rv:142.0) Gecko/20100101 Firefox/142.0"
timestamp,path,referrer,ip,ua
2025-09-06T23:12:00+00:00,/,,127.0.0.1,"Mozilla/5.0 (iPhone; CPU iPhone OS 18_3 like Mac OS X) AppleWebKit/605.1.15 (KHTML, like Gecko) Version/18.3 Mobile/15E148 Safari/604.1"
timestamp,path,referrer,ip,ua
2025-09-06T23:12:06+00:00,/packs.html,https://7d60d602e44427.lhr.life/,127.0.0.1,"Mozilla/5.0 (iPhone; CPU iPhone OS 18_3 like Mac OS X) AppleWebKit/605.1.15 (KHTML, like Gecko) Version/18.3 Mobile/15E148 Safari/604.1"
timestamp,path,referrer,ip,ua
2025-09-06T23:12:27+00:00,/packs.html,,127.0.0.1,"Mozilla/5.0 (Macintosh; Intel Mac OS X 10.15; rv:142.0) Gecko/20100101 Firefox/142.0"
timestamp,path,referrer,ip,ua
2025-09-06T23:12:40+00:00,/produit.php?slug=pack-pret-a-tourner,,127.0.0.1,"Mozilla/5.0 (Macintosh; Intel Mac OS X 10.15; rv:142.0) Gecko/20100101 Firefox/142.0"
timestamp,path,referrer,ip,ua
2025-09-06T23:15:16+00:00,/packs.html,,127.0.0.1,"Mozilla/5.0 (Macintosh; Intel Mac OS X 10.15; rv:142.0) Gecko/20100101 Firefox/142.0"
timestamp,path,referrer,ip,ua
2025-09-06T23:15:17+00:00,/produit.php?slug=pack-pret-a-tourner,,127.0.0.1,"Mozilla/5.0 (Macintosh; Intel Mac OS X 10.15; rv:142.0) Gecko/20100101 Firefox/142.0"
timestamp,path,referrer,ip,ua
2025-09-06T23:16:55+00:00,/packs.html,,127.0.0.1,"Mozilla/5.0 (Macintosh; Intel Mac OS X 10.15; rv:142.0) Gecko/20100101 Firefox/142.0"
timestamp,path,referrer,ip,ua
2025-09-06T23:16:58+00:00,/produit.php?slug=pack-ms150b-softbox-pied,,127.0.0.1,"Mozilla/5.0 (Macintosh; Intel Mac OS X 10.15; rv:142.0) Gecko/20100101 Firefox/142.0"
timestamp,path,referrer,ip,ua
2025-09-06T23:22:39+00:00,/,,127.0.0.1,"Mozilla/5.0 (Macintosh; Intel Mac OS X 10.15; rv:142.0) Gecko/20100101 Firefox/142.0"
timestamp,path,referrer,ip,ua
2025-09-06T23:22:51+00:00,/,,127.0.0.1,"Mozilla/5.0 (iPhone; CPU iPhone OS 18_3 like Mac OS X) AppleWebKit/605.1.15 (KHTML, like Gecko) Version/18.3 Mobile/15E148 Safari/604.1"
timestamp,path,referrer,ip,ua
2025-09-06T23:23:08+00:00,/packs.html,https://ef4621120f8cd7.lhr.life/,127.0.0.1,"Mozilla/5.0 (iPhone; CPU iPhone OS 18_3 like Mac OS X) AppleWebKit/605.1.15 (KHTML, like Gecko) Version/18.3 Mobile/15E148 Safari/604.1"
timestamp,path,referrer,ip,ua
2025-09-06T23:23:26+00:00,/produit.php?slug=comicavm40,,127.0.0.1,"Mozilla/5.0 (Macintosh; Intel Mac OS X 10.15; rv:142.0) Gecko/20100101 Firefox/142.0"
timestamp,path,referrer,ip,ua
2025-09-06T23:23:36+00:00,/realisations.html,,127.0.0.1,"Mozilla/5.0 (Macintosh; Intel Mac OS X 10.15; rv:142.0) Gecko/20100101 Firefox/142.0"
timestamp,path,referrer,ip,ua
2025-09-06T23:23:40+00:00,/packs.html,,127.0.0.1,"Mozilla/5.0 (Macintosh; Intel Mac OS X 10.15; rv:142.0) Gecko/20100101 Firefox/142.0"
timestamp,path,referrer,ip,ua
2025-09-06T23:23:48+00:00,/produit.php?slug=pack-ms150b-cb300c-softbox-2pieds,,127.0.0.1,"Mozilla/5.0 (Macintosh; Intel Mac OS X 10.15; rv:142.0) Gecko/20100101 Firefox/142.0"
timestamp,path,referrer,ip,ua
2025-09-06T23:29:43+00:00,/,,127.0.0.1,"Mozilla/5.0 (Macintosh; Intel Mac OS X 10.15; rv:142.0) Gecko/20100101 Firefox/142.0"
timestamp,path,referrer,ip,ua
2025-09-06T23:29:56+00:00,/packs.html,,127.0.0.1,"Mozilla/5.0 (Macintosh; Intel Mac OS X 10.15; rv:142.0) Gecko/20100101 Firefox/142.0"
timestamp,path,referrer,ip,ua
2025-09-06T23:30:05+00:00,/produit.php?slug=pack-pret-a-tourner,,127.0.0.1,"Mozilla/5.0 (Macintosh; Intel Mac OS X 10.15; rv:142.0) Gecko/20100101 Firefox/142.0"
timestamp,path,referrer,ip,ua
2025-09-06T23:30:13+00:00,/packs.html,,127.0.0.1,"Mozilla/5.0 (Macintosh; Intel Mac OS X 10.15; rv:142.0) Gecko/20100101 Firefox/142.0"
timestamp,path,referrer,ip,ua
2025-09-06T23:30:17+00:00,/produit.php?slug=tarionsoftbox,,127.0.0.1,"Mozilla/5.0 (Macintosh; Intel Mac OS X 10.15; rv:142.0) Gecko/20100101 Firefox/142.0"
timestamp,path,referrer,ip,ua
2025-09-06T23:30:24+00:00,/produit.php?slug=pack-ms150b-softbox-pied,,127.0.0.1,"Mozilla/5.0 (Macintosh; Intel Mac OS X 10.15; rv:142.0) Gecko/20100101 Firefox/142.0"
timestamp,path,referrer,ip,ua
2025-09-07T10:26:39+00:00,/,,127.0.0.1,"Mozilla/5.0 (Macintosh; Intel Mac OS X 10.15; rv:142.0) Gecko/20100101 Firefox/142.0"
timestamp,path,referrer,ip,ua
2025-09-07T10:27:56+00:00,/packs.html,https://459f09ab471de9.lhr.life/,127.0.0.1,"Mozilla/5.0 (Macintosh; Intel Mac OS X 10.15; rv:142.0) Gecko/20100101 Firefox/142.0"
timestamp,path,referrer,ip,ua
2025-09-07T11:00:48+00:00,/,,127.0.0.1,"Mozilla/5.0 (Macintosh; Intel Mac OS X 10.15; rv:142.0) Gecko/20100101 Firefox/142.0"
timestamp,path,referrer,ip,ua
2025-09-07T11:00:50+00:00,/produit.php?slug=comicavm40,,127.0.0.1,"Mozilla/5.0 (Macintosh; Intel Mac OS X 10.15; rv:142.0) Gecko/20100101 Firefox/142.0"
timestamp,path,referrer,ip,ua
2025-09-07T11:00:53+00:00,/produit.php?slug=comicavm40,,127.0.0.1,"Mozilla/5.0 (Macintosh; Intel Mac OS X 10.15; rv:142.0) Gecko/20100101 Firefox/142.0"
timestamp,path,referrer,ip,ua
2025-09-07T11:00:53+00:00,/produit.php?slug=comicavm40,,127.0.0.1,"Mozilla/5.0 (Macintosh; Intel Mac OS X 10.15; rv:142.0) Gecko/20100101 Firefox/142.0"
timestamp,path,referrer,ip,ua
2025-09-07T11:00:54+00:00,/produit.php?slug=comicavm40,,127.0.0.1,"Mozilla/5.0 (Macintosh; Intel Mac OS X 10.15; rv:142.0) Gecko/20100101 Firefox/142.0"
timestamp,path,referrer,ip,ua
2025-09-07T11:00:55+00:00,/packs.html,,127.0.0.1,"Mozilla/5.0 (Macintosh; Intel Mac OS X 10.15; rv:142.0) Gecko/20100101 Firefox/142.0"
timestamp,path,referrer,ip,ua
2025-09-07T11:00:59+00:00,/produit.php?slug=pack-pret-a-tourner,,127.0.0.1,"Mozilla/5.0 (Macintosh; Intel Mac OS X 10.15; rv:142.0) Gecko/20100101 Firefox/142.0"
timestamp,path,referrer,ip,ua
2025-09-07T11:01:02+00:00,/produit.php?slug=pack-fx30-1770-sd-retour,,127.0.0.1,"Mozilla/5.0 (Macintosh; Intel Mac OS X 10.15; rv:142.0) Gecko/20100101 Firefox/142.0"
timestamp,path,referrer,ip,ua
2025-09-07T11:01:04+00:00,/produit.php?slug=pack-fx30-1770-sd-retour,,127.0.0.1,"Mozilla/5.0 (Macintosh; Intel Mac OS X 10.15; rv:142.0) Gecko/20100101 Firefox/142.0"
timestamp,path,referrer,ip,ua
2025-09-07T11:01:04+00:00,/produit.php?slug=pack-fx30-1770-sd-retour,,127.0.0.1,"Mozilla/5.0 (Macintosh; Intel Mac OS X 10.15; rv:142.0) Gecko/20100101 Firefox/142.0"
timestamp,path,referrer,ip,ua
2025-09-07T11:01:23+00:00,/,,127.0.0.1,"Mozilla/5.0 (Macintosh; Intel Mac OS X 10.15; rv:142.0) Gecko/20100101 Firefox/142.0"
timestamp,path,referrer,ip,ua
2025-09-07T11:01:41+00:00,/packs.html,https://d4063a108c6b5c.lhr.life/,127.0.0.1,"Mozilla/5.0 (Macintosh; Intel Mac OS X 10.15; rv:142.0) Gecko/20100101 Firefox/142.0"
timestamp,path,referrer,ip,ua
2025-09-07T11:01:57+00:00,/packs.html,,127.0.0.1,"Mozilla/5.0 (Macintosh; Intel Mac OS X 10.15; rv:142.0) Gecko/20100101 Firefox/142.0"
timestamp,path,referrer,ip,ua
2025-09-07T11:02:00+00:00,/realisations.html,,127.0.0.1,"Mozilla/5.0 (Macintosh; Intel Mac OS X 10.15; rv:142.0) Gecko/20100101 Firefox/142.0"
timestamp,path,referrer,ip,ua
2025-09-07T11:02:01+00:00,/packs.html,,127.0.0.1,"Mozilla/5.0 (Macintosh; Intel Mac OS X 10.15; rv:142.0) Gecko/20100101 Firefox/142.0"
timestamp,path,referrer,ip,ua
2025-09-07T11:02:03+00:00,/produit.php?slug=pack-pret-a-tourner,,127.0.0.1,"Mozilla/5.0 (Macintosh; Intel Mac OS X 10.15; rv:142.0) Gecko/20100101 Firefox/142.0"
timestamp,path,referrer,ip,ua
2025-09-07T11:51:55+00:00,/,,127.0.0.1,"Mozilla/5.0 (Macintosh; Intel Mac OS X 10.15; rv:142.0) Gecko/20100101 Firefox/142.0"
timestamp,path,referrer,ip,ua
2025-09-07T11:52:10+00:00,/,,127.0.0.1,"Mozilla/5.0 (iPhone; CPU iPhone OS 18_3 like Mac OS X) AppleWebKit/605.1.15 (KHTML, like Gecko) Version/18.3 Mobile/15E148 Safari/604.1"
timestamp,path,referrer,ip,ua
2025-09-07T11:52:14+00:00,/produit.php?slug=pack-pret-a-tourner,https://04d855fb70c45c.lhr.life/,127.0.0.1,"Mozilla/5.0 (Macintosh; Intel Mac OS X 10.15; rv:142.0) Gecko/20100101 Firefox/142.0"
timestamp,path,referrer,ip,ua
2025-09-07T11:52:29+00:00,/packs.html,https://04d855fb70c45c.lhr.life/produit.php?slug=pack-pret-a-tourner,127.0.0.1,"Mozilla/5.0 (Macintosh; Intel Mac OS X 10.15; rv:142.0) Gecko/20100101 Firefox/142.0"
timestamp,path,referrer,ip,ua
2025-09-07T11:52:48+00:00,/packs.html,https://04d855fb70c45c.lhr.life/,127.0.0.1,"Mozilla/5.0 (iPhone; CPU iPhone OS 18_3 like Mac OS X) AppleWebKit/605.1.15 (KHTML, like Gecko) Version/18.3 Mobile/15E148 Safari/604.1"
timestamp,path,referrer,ip,ua
2025-09-07T11:55:57+00:00,/realisations.html,https://04d855fb70c45c.lhr.life/packs.html,127.0.0.1,"Mozilla/5.0 (Macintosh; Intel Mac OS X 10.15; rv:142.0) Gecko/20100101 Firefox/142.0"
timestamp,path,referrer,ip,ua
2025-09-07T11:56:06+00:00,/calendrier.html,https://04d855fb70c45c.lhr.life/realisations.html,127.0.0.1,"Mozilla/5.0 (Macintosh; Intel Mac OS X 10.15; rv:142.0) Gecko/20100101 Firefox/142.0"
timestamp,path,referrer,ip,ua
2025-09-07T12:11:26+00:00,/,,127.0.0.1,"Mozilla/5.0 (Macintosh; Intel Mac OS X 10.15; rv:142.0) Gecko/20100101 Firefox/142.0"
timestamp,path,referrer,ip,ua
2025-09-07T12:11:43+00:00,/,,127.0.0.1,"Mozilla/5.0 (Macintosh; Intel Mac OS X 10.15; rv:142.0) Gecko/20100101 Firefox/142.0"
timestamp,path,referrer,ip,ua
2025-09-07T12:11:56+00:00,/calendrier.html,https://6edde74e9b37c8.lhr.life/,127.0.0.1,"Mozilla/5.0 (Macintosh; Intel Mac OS X 10.15; rv:142.0) Gecko/20100101 Firefox/142.0"
timestamp,path,referrer,ip,ua
2025-09-07T12:12:25+00:00,/packs.html,https://6edde74e9b37c8.lhr.life/calendrier.html,127.0.0.1,"Mozilla/5.0 (Macintosh; Intel Mac OS X 10.15; rv:142.0) Gecko/20100101 Firefox/142.0"
timestamp,path,referrer,ip,ua
2025-09-07T12:12:33+00:00,/produit.php?slug=pack-pret-a-tourner,https://6edde74e9b37c8.lhr.life/packs.html,127.0.0.1,"Mozilla/5.0 (Macintosh; Intel Mac OS X 10.15; rv:142.0) Gecko/20100101 Firefox/142.0"
timestamp,path,referrer,ip,ua
2025-09-07T12:12:52+00:00,/calendrier.html?produit=pack-pret-a-tourner&itemName=Pr%C3%AAt%20%C3%A0%20tourner%20%E2%80%94%20FX30%20%2B%20kit%20complet&dates=2025-09-07%2C2025-09-08%2C2025-09-09,https://6edde74e9b37c8.lhr.life/produit.php?slug=pack-pret-a-tourner,127.0.0.1,"Mozilla/5.0 (Macintosh; Intel Mac OS X 10.15; rv:142.0) Gecko/20100101 Firefox/142.0"
timestamp,path,referrer,ip,ua
2025-09-07T12:13:20+00:00,/packs.html,,127.0.0.1,"Mozilla/5.0 (Macintosh; Intel Mac OS X 10.15; rv:142.0) Gecko/20100101 Firefox/142.0"
timestamp,path,referrer,ip,ua
2025-09-07T12:13:21+00:00,/realisations.html,,127.0.0.1,"Mozilla/5.0 (Macintosh; Intel Mac OS X 10.15; rv:142.0) Gecko/20100101 Firefox/142.0"
timestamp,path,referrer,ip,ua
2025-09-07T12:13:22+00:00,/calendrier.html,,127.0.0.1,"Mozilla/5.0 (Macintosh; Intel Mac OS X 10.15; rv:142.0) Gecko/20100101 Firefox/142.0"
timestamp,path,referrer,ip,ua
2025-09-07T12:13:27+00:00,/calendrier.html,,127.0.0.1,"Mozilla/5.0 (Macintosh; Intel Mac OS X 10.15; rv:142.0) Gecko/20100101 Firefox/142.0"
timestamp,path,referrer,ip,ua
2025-09-07T12:13:32+00:00,/packs.html,,127.0.0.1,"Mozilla/5.0 (Macintosh; Intel Mac OS X 10.15; rv:142.0) Gecko/20100101 Firefox/142.0"
timestamp,path,referrer,ip,ua
2025-09-07T12:13:36+00:00,/produit.php?slug=pack-pret-a-tourner,,127.0.0.1,"Mozilla/5.0 (Macintosh; Intel Mac OS X 10.15; rv:142.0) Gecko/20100101 Firefox/142.0"
timestamp,path,referrer,ip,ua
2025-09-07T12:14:49+00:00,/,,127.0.0.1,"Mozilla/5.0 (iPhone; CPU iPhone OS 18_3 like Mac OS X) AppleWebKit/605.1.15 (KHTML, like Gecko) Version/18.3 Mobile/15E148 Safari/604.1"
timestamp,path,referrer,ip,ua
2025-09-07T12:15:03+00:00,/packs.html,https://6edde74e9b37c8.lhr.life/,127.0.0.1,"Mozilla/5.0 (iPhone; CPU iPhone OS 18_3 like Mac OS X) AppleWebKit/605.1.15 (KHTML, like Gecko) Version/18.3 Mobile/15E148 Safari/604.1"
timestamp,path,referrer,ip,ua
2025-09-07T12:16:54+00:00,/packs.html,,127.0.0.1,"Mozilla/5.0 (Macintosh; Intel Mac OS X 10.15; rv:142.0) Gecko/20100101 Firefox/142.0"
timestamp,path,referrer,ip,ua
2025-09-07T12:24:17+00:00,/,,127.0.0.1,"Mozilla/5.0 (Macintosh; Intel Mac OS X 10.15; rv:142.0) Gecko/20100101 Firefox/142.0"
timestamp,path,referrer,ip,ua
2025-09-07T12:24:27+00:00,/packs.html,https://6575cfb7deba71.lhr.life/,127.0.0.1,"Mozilla/5.0 (Macintosh; Intel Mac OS X 10.15; rv:142.0) Gecko/20100101 Firefox/142.0"
timestamp,path,referrer,ip,ua
2025-09-07T12:24:39+00:00,/produit.php?slug=pack-pret-a-tourner,https://6575cfb7deba71.lhr.life/packs.html,127.0.0.1,"Mozilla/5.0 (Macintosh; Intel Mac OS X 10.15; rv:142.0) Gecko/20100101 Firefox/142.0"
timestamp,path,referrer,ip,ua
2025-09-07T12:24:50+00:00,/,,127.0.0.1,"Mozilla/5.0 (iPhone; CPU iPhone OS 18_3 like Mac OS X) AppleWebKit/605.1.15 (KHTML, like Gecko) Version/18.3 Mobile/15E148 Safari/604.1"
timestamp,path,referrer,ip,ua
2025-09-07T12:25:04+00:00,/packs.html,https://6575cfb7deba71.lhr.life/,127.0.0.1,"Mozilla/5.0 (iPhone; CPU iPhone OS 18_3 like Mac OS X) AppleWebKit/605.1.15 (KHTML, like Gecko) Version/18.3 Mobile/15E148 Safari/604.1"
timestamp,path,referrer,ip,ua
2025-09-07T12:25:19+00:00,/packs.html,https://6575cfb7deba71.lhr.life/,127.0.0.1,"Mozilla/5.0 (iPhone; CPU iPhone OS 18_3 like Mac OS X) AppleWebKit/605.1.15 (KHTML, like Gecko) Version/18.3 Mobile/15E148 Safari/604.1"
timestamp,path,referrer,ip,ua
2025-09-07T12:25:25+00:00,/index.html,https://6575cfb7deba71.lhr.life/packs.html,127.0.0.1,"Mozilla/5.0 (iPhone; CPU iPhone OS 18_3 like Mac OS X) AppleWebKit/605.1.15 (KHTML, like Gecko) Version/18.3 Mobile/15E148 Safari/604.1"
timestamp,path,referrer,ip,ua
2025-09-07T12:25:35+00:00,/index.html,,127.0.0.1,"Mozilla/5.0 (Macintosh; Intel Mac OS X 10.15; rv:142.0) Gecko/20100101 Firefox/142.0"
timestamp,path,referrer,ip,ua
2025-09-07T12:28:32+00:00,/packs.html,https://6575cfb7deba71.lhr.life/index.html,127.0.0.1,"Mozilla/5.0 (iPhone; CPU iPhone OS 18_3 like Mac OS X) AppleWebKit/605.1.15 (KHTML, like Gecko) Version/18.3 Mobile/15E148 Safari/604.1"
timestamp,path,referrer,ip,ua
2025-09-07T12:42:47+00:00,/,,127.0.0.1,"Mozilla/5.0 (Macintosh; Intel Mac OS X 10.15; rv:142.0) Gecko/20100101 Firefox/142.0"
timestamp,path,referrer,ip,ua
2025-09-07T12:42:49+00:00,/packs.html,,127.0.0.1,"Mozilla/5.0 (Macintosh; Intel Mac OS X 10.15; rv:142.0) Gecko/20100101 Firefox/142.0"
timestamp,path,referrer,ip,ua
2025-09-07T12:42:50+00:00,/produit.php?slug=pack-pret-a-tourner,,127.0.0.1,"Mozilla/5.0 (Macintosh; Intel Mac OS X 10.15; rv:142.0) Gecko/20100101 Firefox/142.0"
timestamp,path,referrer,ip,ua
2025-09-07T12:43:17+00:00,/,,127.0.0.1,"Mozilla/5.0 (iPhone; CPU iPhone OS 18_3 like Mac OS X) AppleWebKit/605.1.15 (KHTML, like Gecko) Version/18.3 Mobile/15E148 Safari/604.1"
timestamp,path,referrer,ip,ua
2025-09-07T12:43:31+00:00,/packs.html,https://6c827a7d9142fa.lhr.life/,127.0.0.1,"Mozilla/5.0 (iPhone; CPU iPhone OS 18_3 like Mac OS X) AppleWebKit/605.1.15 (KHTML, like Gecko) Version/18.3 Mobile/15E148 Safari/604.1"
timestamp,path,referrer,ip,ua
2025-09-07T12:43:50+00:00,/produit.php?slug=pack-fx30-1770-sd,https://6c827a7d9142fa.lhr.life/packs.html,127.0.0.1,"Mozilla/5.0 (iPhone; CPU iPhone OS 18_3 like Mac OS X) AppleWebKit/605.1.15 (KHTML, like Gecko) Version/18.3 Mobile/15E148 Safari/604.1"
timestamp,path,referrer,ip,ua
2025-09-07T12:44:09+00:00,/calendrier.html?produit=pack-fx30-1770-sd&itemName=FX30%20%2B%2017%2F70mm%20%2B%20carte%20SD&dates=2025-09-07%2C2025-09-08%2C2025-09-09,https://6c827a7d9142fa.lhr.life/produit.php?slug=pack-fx30-1770-sd,127.0.0.1,"Mozilla/5.0 (iPhone; CPU iPhone OS 18_3 like Mac OS X) AppleWebKit/605.1.15 (KHTML, like Gecko) Version/18.3 Mobile/15E148 Safari/604.1"
timestamp,path,referrer,ip,ua
2025-09-07T13:23:16+00:00,/,,127.0.0.1,"Mozilla/5.0 (Macintosh; Intel Mac OS X 10.15; rv:142.0) Gecko/20100101 Firefox/142.0"
timestamp,path,referrer,ip,ua
2025-09-07T13:23:22+00:00,/packs.html,,127.0.0.1,"Mozilla/5.0 (Macintosh; Intel Mac OS X 10.15; rv:142.0) Gecko/20100101 Firefox/142.0"
timestamp,path,referrer,ip,ua
2025-09-07T13:23:56+00:00,/produit.php?slug=batteriesonynpfz100,,127.0.0.1,"Mozilla/5.0 (Macintosh; Intel Mac OS X 10.15; rv:142.0) Gecko/20100101 Firefox/142.0"
timestamp,path,referrer,ip,ua
2025-09-07T13:23:59+00:00,/produit.php?slug=pack-pret-a-tourner,,127.0.0.1,"Mozilla/5.0 (Macintosh; Intel Mac OS X 10.15; rv:142.0) Gecko/20100101 Firefox/142.0"
timestamp,path,referrer,ip,ua
2025-09-07T13:24:27+00:00,/packs.html,,127.0.0.1,"Mozilla/5.0 (Macintosh; Intel Mac OS X 10.15; rv:142.0) Gecko/20100101 Firefox/142.0"
timestamp,path,referrer,ip,ua
2025-09-07T13:24:28+00:00,/produit.php?slug=pack-fx30-1770-sd-retour,,127.0.0.1,"Mozilla/5.0 (Macintosh; Intel Mac OS X 10.15; rv:142.0) Gecko/20100101 Firefox/142.0"
timestamp,path,referrer,ip,ua
2025-09-07T13:24:56+00:00,/,,127.0.0.1,"Mozilla/5.0 (iPhone; CPU iPhone OS 18_3 like Mac OS X) AppleWebKit/605.1.15 (KHTML, like Gecko) Version/18.3 Mobile/15E148 Safari/604.1"
timestamp,path,referrer,ip,ua
2025-09-07T13:25:30+00:00,/packs.html,https://40d884e2bad8b0.lhr.life/,127.0.0.1,"Mozilla/5.0 (iPhone; CPU iPhone OS 18_3 like Mac OS X) AppleWebKit/605.1.15 (KHTML, like Gecko) Version/18.3 Mobile/15E148 Safari/604.1"
timestamp,path,referrer,ip,ua
2025-09-07T13:26:09+00:00,/index.html,https://40d884e2bad8b0.lhr.life/packs.html,127.0.0.1,"Mozilla/5.0 (iPhone; CPU iPhone OS 18_3 like Mac OS X) AppleWebKit/605.1.15 (KHTML, like Gecko) Version/18.3 Mobile/15E148 Safari/604.1"
timestamp,path,referrer,ip,ua
2025-09-07T13:28:48+00:00,/services.html,,127.0.0.1,"Mozilla/5.0 (Macintosh; Intel Mac OS X 10.15; rv:142.0) Gecko/20100101 Firefox/142.0"
timestamp,path,referrer,ip,ua
2025-09-07T13:28:53+00:00,/index.html,,127.0.0.1,"Mozilla/5.0 (Macintosh; Intel Mac OS X 10.15; rv:142.0) Gecko/20100101 Firefox/142.0"
timestamp,path,referrer,ip,ua
2025-09-07T13:30:23+00:00,/calendrier.html,,127.0.0.1,"Mozilla/5.0 (Macintosh; Intel Mac OS X 10.15; rv:142.0) Gecko/20100101 Firefox/142.0"
timestamp,path,referrer,ip,ua
2025-09-07T13:43:48+00:00,/,,127.0.0.1,"Mozilla/5.0 (Macintosh; Intel Mac OS X 10.15; rv:142.0) Gecko/20100101 Firefox/142.0"
timestamp,path,referrer,ip,ua
2025-09-07T13:45:15+00:00,/calendrier.html,,127.0.0.1,"Mozilla/5.0 (Macintosh; Intel Mac OS X 10.15; rv:142.0) Gecko/20100101 Firefox/142.0"
timestamp,path,referrer,ip,ua
2025-09-07T13:45:23+00:00,/calendrier.html,,127.0.0.1,"Mozilla/5.0 (Macintosh; Intel Mac OS X 10.15; rv:142.0) Gecko/20100101 Firefox/142.0"
timestamp,path,referrer,ip,ua
2025-09-07T13:46:07+00:00,/,,127.0.0.1,"Mozilla/5.0 (iPhone; CPU iPhone OS 18_3 like Mac OS X) AppleWebKit/605.1.15 (KHTML, like Gecko) Version/18.3 Mobile/15E148 Safari/604.1"
timestamp,path,referrer,ip,ua
2025-09-07T13:46:34+00:00,/calendrier.html,https://baaae96c793fbc.lhr.life/,127.0.0.1,"Mozilla/5.0 (iPhone; CPU iPhone OS 18_3 like Mac OS X) AppleWebKit/605.1.15 (KHTML, like Gecko) Version/18.3 Mobile/15E148 Safari/604.1"
timestamp,path,referrer,ip,ua
2025-09-07T13:46:55+00:00,/index.html,https://baaae96c793fbc.lhr.life/calendrier.html,127.0.0.1,"Mozilla/5.0 (iPhone; CPU iPhone OS 18_3 like Mac OS X) AppleWebKit/605.1.15 (KHTML, like Gecko) Version/18.3 Mobile/15E148 Safari/604.1"
timestamp,path,referrer,ip,ua
2025-09-07T13:47:25+00:00,/index.html,,127.0.0.1,"Mozilla/5.0 (Macintosh; Intel Mac OS X 10.15; rv:142.0) Gecko/20100101 Firefox/142.0"
timestamp,path,referrer,ip,ua
2025-09-07T13:48:56+00:00,/produit.php?slug=comicavm40,,127.0.0.1,"Mozilla/5.0 (Macintosh; Intel Mac OS X 10.15; rv:142.0) Gecko/20100101 Firefox/142.0"
timestamp,path,referrer,ip,ua
2025-09-07T13:49:10+00:00,/packs.html,,127.0.0.1,"Mozilla/5.0 (Macintosh; Intel Mac OS X 10.15; rv:142.0) Gecko/20100101 Firefox/142.0"
timestamp,path,referrer,ip,ua
2025-09-07T13:49:12+00:00,/produit.php?slug=piedlumiere,,127.0.0.1,"Mozilla/5.0 (Macintosh; Intel Mac OS X 10.15; rv:142.0) Gecko/20100101 Firefox/142.0"
timestamp,path,referrer,ip,ua
2025-09-07T13:49:24+00:00,/packs.html,,127.0.0.1,"Mozilla/5.0 (Macintosh; Intel Mac OS X 10.15; rv:142.0) Gecko/20100101 Firefox/142.0"
timestamp,path,referrer,ip,ua
2025-09-07T13:49:25+00:00,/produit.php?slug=sdlexar128g,,127.0.0.1,"Mozilla/5.0 (Macintosh; Intel Mac OS X 10.15; rv:142.0) Gecko/20100101 Firefox/142.0"
timestamp,path,referrer,ip,ua
2025-09-07T14:16:47+00:00,/,,127.0.0.1,"Mozilla/5.0 (Macintosh; Intel Mac OS X 10.15; rv:142.0) Gecko/20100101 Firefox/142.0"
timestamp,path,referrer,ip,ua
2025-09-07T14:17:11+00:00,/packs.html,https://f3dc7c3c11a92c.lhr.life/,127.0.0.1,"Mozilla/5.0 (Macintosh; Intel Mac OS X 10.15; rv:142.0) Gecko/20100101 Firefox/142.0"
timestamp,path,referrer,ip,ua
2025-09-07T14:17:57+00:00,/calendrier.html,https://f3dc7c3c11a92c.lhr.life/packs.html,127.0.0.1,"Mozilla/5.0 (Macintosh; Intel Mac OS X 10.15; rv:142.0) Gecko/20100101 Firefox/142.0"
timestamp,path,referrer,ip,ua
2025-09-07T14:18:09+00:00,/calendrier.html,https://f3dc7c3c11a92c.lhr.life/packs.html,127.0.0.1,"Mozilla/5.0 (Macintosh; Intel Mac OS X 10.15; rv:142.0) Gecko/20100101 Firefox/142.0"
timestamp,path,referrer,ip,ua
2025-09-07T14:18:17+00:00,/,,127.0.0.1,"Mozilla/5.0 (Macintosh; Intel Mac OS X 10.15; rv:142.0) Gecko/20100101 Firefox/142.0"
timestamp,path,referrer,ip,ua
2025-09-07T14:18:35+00:00,/calendrier.html,,127.0.0.1,"Mozilla/5.0 (Macintosh; Intel Mac OS X 10.15; rv:142.0) Gecko/20100101 Firefox/142.0"
timestamp,path,referrer,ip,ua
2025-09-07T14:18:44+00:00,/calendrier.html,,127.0.0.1,"Mozilla/5.0 (Macintosh; Intel Mac OS X 10.15; rv:142.0) Gecko/20100101 Firefox/142.0"
timestamp,path,referrer,ip,ua
2025-09-07T14:19:02+00:00,/,,127.0.0.1,"Mozilla/5.0 (Macintosh; Intel Mac OS X 10.15; rv:142.0) Gecko/20100101 Firefox/142.0"
timestamp,path,referrer,ip,ua
2025-09-07T14:19:11+00:00,/produit.php?slug=comicavm40,https://f3dc7c3c11a92c.lhr.life/,127.0.0.1,"Mozilla/5.0 (Macintosh; Intel Mac OS X 10.15; rv:142.0) Gecko/20100101 Firefox/142.0"
timestamp,path,referrer,ip,ua
2025-09-07T14:19:39+00:00,/calendrier.html,https://f3dc7c3c11a92c.lhr.life/produit.php?slug=comicavm40,127.0.0.1,"Mozilla/5.0 (Macintosh; Intel Mac OS X 10.15; rv:142.0) Gecko/20100101 Firefox/142.0"
timestamp,path,referrer,ip,ua
2025-09-07T14:23:22+00:00,/,,127.0.0.1,"Mozilla/5.0 (Macintosh; Intel Mac OS X 10.15; rv:142.0) Gecko/20100101 Firefox/142.0"
timestamp,path,referrer,ip,ua
2025-09-07T14:23:26+00:00,/packs.html,http://127.0.0.1:8001/,127.0.0.1,"Mozilla/5.0 (Macintosh; Intel Mac OS X 10.15; rv:142.0) Gecko/20100101 Firefox/142.0"
timestamp,path,referrer,ip,ua
2025-09-07T14:23:28+00:00,/calendrier.html,http://127.0.0.1:8001/packs.html,127.0.0.1,"Mozilla/5.0 (Macintosh; Intel Mac OS X 10.15; rv:142.0) Gecko/20100101 Firefox/142.0"
timestamp,path,referrer,ip,ua
2025-09-07T14:23:35+00:00,/calendrier.html,http://127.0.0.1:8001/calendrier.html,127.0.0.1,"Mozilla/5.0 (Macintosh; Intel Mac OS X 10.15; rv:142.0) Gecko/20100101 Firefox/142.0"
timestamp,path,referrer,ip,ua
2025-09-07T14:23:37+00:00,/index.html,http://127.0.0.1:8001/calendrier.html,127.0.0.1,"Mozilla/5.0 (Macintosh; Intel Mac OS X 10.15; rv:142.0) Gecko/20100101 Firefox/142.0"
timestamp,path,referrer,ip,ua
2025-09-07T14:23:42+00:00,/produit.php?slug=pack-pret-a-tourner,http://127.0.0.1:8001/index.html,127.0.0.1,"Mozilla/5.0 (Macintosh; Intel Mac OS X 10.15; rv:142.0) Gecko/20100101 Firefox/142.0"
timestamp,path,referrer,ip,ua
2025-09-07T14:24:46+00:00,/,,127.0.0.1,"Mozilla/5.0 (Macintosh; Intel Mac OS X 10.15; rv:142.0) Gecko/20100101 Firefox/142.0"
timestamp,path,referrer,ip,ua
2025-09-07T14:24:54+00:00,/packs.html,https://205347c89b122c.lhr.life/,127.0.0.1,"Mozilla/5.0 (Macintosh; Intel Mac OS X 10.15; rv:142.0) Gecko/20100101 Firefox/142.0"
timestamp,path,referrer,ip,ua
2025-09-07T14:25:10+00:00,/produit.php?slug=pack-pret-a-tourner,https://205347c89b122c.lhr.life/packs.html,127.0.0.1,"Mozilla/5.0 (Macintosh; Intel Mac OS X 10.15; rv:142.0) Gecko/20100101 Firefox/142.0"
timestamp,path,referrer,ip,ua
2025-09-07T14:33:15+00:00,/produit.php?slug=pack-pret-a-tourner,https://205347c89b122c.lhr.life/packs.html,127.0.0.1,"Mozilla/5.0 (Macintosh; Intel Mac OS X 10.15; rv:142.0) Gecko/20100101 Firefox/142.0"
timestamp,path,referrer,ip,ua
2025-09-07T14:33:32+00:00,/,,127.0.0.1,"Mozilla/5.0 (iPhone; CPU iPhone OS 18_3 like Mac OS X) AppleWebKit/605.1.15 (KHTML, like Gecko) Version/18.3 Mobile/15E148 Safari/604.1"
timestamp,path,referrer,ip,ua
2025-09-07T14:34:32+00:00,/packs.html,http://127.0.0.1:8001/produit.php?slug=pack-pret-a-tourner,127.0.0.1,"Mozilla/5.0 (Macintosh; Intel Mac OS X 10.15; rv:142.0) Gecko/20100101 Firefox/142.0"
timestamp,path,referrer,ip,ua
2025-09-07T14:34:34+00:00,/realisations.html,http://127.0.0.1:8001/packs.html,127.0.0.1,"Mozilla/5.0 (Macintosh; Intel Mac OS X 10.15; rv:142.0) Gecko/20100101 Firefox/142.0"
timestamp,path,referrer,ip,ua
2025-09-07T14:34:35+00:00,/calendrier.html,http://127.0.0.1:8001/realisations.html,127.0.0.1,"Mozilla/5.0 (Macintosh; Intel Mac OS X 10.15; rv:142.0) Gecko/20100101 Firefox/142.0"
timestamp,path,referrer,ip,ua
2025-09-07T14:34:39+00:00,/packs.html,http://127.0.0.1:8001/calendrier.html,127.0.0.1,"Mozilla/5.0 (Macintosh; Intel Mac OS X 10.15; rv:142.0) Gecko/20100101 Firefox/142.0"
timestamp,path,referrer,ip,ua
2025-09-07T14:34:40+00:00,/produit.php?slug=batteriesonynpfz100,http://127.0.0.1:8001/packs.html,127.0.0.1,"Mozilla/5.0 (Macintosh; Intel Mac OS X 10.15; rv:142.0) Gecko/20100101 Firefox/142.0"
timestamp,path,referrer,ip,ua
2025-09-07T14:36:26+00:00,/,,127.0.0.1,"Mozilla/5.0 (Macintosh; Intel Mac OS X 10.15; rv:142.0) Gecko/20100101 Firefox/142.0"
timestamp,path,referrer,ip,ua
2025-09-07T14:38:36+00:00,/produit.php?slug=comicavm40,https://6bd791b467e316.lhr.life/,127.0.0.1,"Mozilla/5.0 (Macintosh; Intel Mac OS X 10.15; rv:142.0) Gecko/20100101 Firefox/142.0"
timestamp,path,referrer,ip,ua
2025-09-07T14:52:39+00:00,/,,127.0.0.1,"Mozilla/5.0 (Macintosh; Intel Mac OS X 10.15; rv:142.0) Gecko/20100101 Firefox/142.0"
timestamp,path,referrer,ip,ua
2025-09-07T14:53:01+00:00,/,,127.0.0.1,"Mozilla/5.0 (Macintosh; Intel Mac OS X 10.15; rv:142.0) Gecko/20100101 Firefox/142.0"
timestamp,path,referrer,ip,ua
2025-09-07T14:53:08+00:00,/,,127.0.0.1,"Mozilla/5.0 (iPhone; CPU iPhone OS 18_3 like Mac OS X) AppleWebKit/605.1.15 (KHTML, like Gecko) Version/18.3 Mobile/15E148 Safari/604.1"
timestamp,path,referrer,ip,ua
2025-09-07T14:53:47+00:00,/produit.php?slug=pack-cb300c-softbox-pied,https://7bba4af8ae78ca.lhr.life/,127.0.0.1,"Mozilla/5.0 (iPhone; CPU iPhone OS 18_3 like Mac OS X) AppleWebKit/605.1.15 (KHTML, like Gecko) Version/18.3 Mobile/15E148 Safari/604.1"
timestamp,path,referrer,ip,ua
2025-09-07T14:55:06+00:00,/index.html,https://7bba4af8ae78ca.lhr.life/produit.php?slug=pack-cb300c-softbox-pied,127.0.0.1,"Mozilla/5.0 (iPhone; CPU iPhone OS 18_3 like Mac OS X) AppleWebKit/605.1.15 (KHTML, like Gecko) Version/18.3 Mobile/15E148 Safari/604.1"
timestamp,path,referrer,ip,ua
2025-09-07T14:55:17+00:00,/produit.php?slug=comicavm40,,127.0.0.1,"Mozilla/5.0 (Macintosh; Intel Mac OS X 10.15; rv:142.0) Gecko/20100101 Firefox/142.0"
timestamp,path,referrer,ip,ua
2025-09-07T14:55:41+00:00,/produit.php?slug=comicavm40,https://7bba4af8ae78ca.lhr.life/,127.0.0.1,"Mozilla/5.0 (Macintosh; Intel Mac OS X 10.15; rv:142.0) Gecko/20100101 Firefox/142.0"
timestamp,path,referrer,ip,ua
2025-09-07T14:55:49+00:00,/produit.php?slug=comicavm40,,127.0.0.1,"Mozilla/5.0 (Macintosh; Intel Mac OS X 10.15; rv:142.0) Gecko/20100101 Firefox/142.0"
timestamp,path,referrer,ip,ua
2025-09-07T14:55:54+00:00,/calendrier.html?produit=comicavm40&itemName=Comica%20VM40&dates=2025-09-23%2C2025-09-24%2C2025-09-25%2C2025-09-26,,127.0.0.1,"Mozilla/5.0 (Macintosh; Intel Mac OS X 10.15; rv:142.0) Gecko/20100101 Firefox/142.0"
timestamp,path,referrer,ip,ua
2025-09-07T14:56:39+00:00,/packs.html,https://7bba4af8ae78ca.lhr.life/produit.php?slug=comicavm40,127.0.0.1,"Mozilla/5.0 (Macintosh; Intel Mac OS X 10.15; rv:142.0) Gecko/20100101 Firefox/142.0"
timestamp,path,referrer,ip,ua
2025-09-07T14:56:50+00:00,/produit.php?slug=pack-pret-a-tourner,https://7bba4af8ae78ca.lhr.life/packs.html,127.0.0.1,"Mozilla/5.0 (Macintosh; Intel Mac OS X 10.15; rv:142.0) Gecko/20100101 Firefox/142.0"
timestamp,path,referrer,ip,ua
2025-09-08T20:34:11+00:00,/,,127.0.0.1,"Mozilla/5.0 (Macintosh; Intel Mac OS X 10.15; rv:142.0) Gecko/20100101 Firefox/142.0"
timestamp,path,referrer,ip,ua
2025-09-08T20:34:15+00:00,/produit.php?slug=comicavm40,,127.0.0.1,"Mozilla/5.0 (Macintosh; Intel Mac OS X 10.15; rv:142.0) Gecko/20100101 Firefox/142.0"
timestamp,path,referrer,ip,ua
2025-09-08T20:34:50+00:00,/packs.html?layout=edit,,127.0.0.1,"Mozilla/5.0 (Macintosh; Intel Mac OS X 10.15; rv:142.0) Gecko/20100101 Firefox/142.0"
timestamp,path,referrer,ip,ua
2025-09-08T20:34:54+00:00,/produit.php?slug=pack-pret-a-tourner,,127.0.0.1,"Mozilla/5.0 (Macintosh; Intel Mac OS X 10.15; rv:142.0) Gecko/20100101 Firefox/142.0"
timestamp,path,referrer,ip,ua
2025-09-08T20:35:14+00:00,/packs.html?layout=edit,,127.0.0.1,"Mozilla/5.0 (Macintosh; Intel Mac OS X 10.15; rv:142.0) Gecko/20100101 Firefox/142.0"
timestamp,path,referrer,ip,ua
2025-09-08T20:35:21+00:00,/produit.php?slug=sony-fx30,,127.0.0.1,"Mozilla/5.0 (Macintosh; Intel Mac OS X 10.15; rv:142.0) Gecko/20100101 Firefox/142.0"
timestamp,path,referrer,ip,ua
2025-09-08T20:35:23+00:00,/produit.php?slug=pack-pret-a-tourner,,127.0.0.1,"Mozilla/5.0 (Macintosh; Intel Mac OS X 10.15; rv:142.0) Gecko/20100101 Firefox/142.0"
timestamp,path,referrer,ip,ua
2025-09-08T20:35:32+00:00,/produit.php?slug=pack-pret-a-tourner%3Flayout%3Dedit,,127.0.0.1,"Mozilla/5.0 (Macintosh; Intel Mac OS X 10.15; rv:142.0) Gecko/20100101 Firefox/142.0"
timestamp,path,referrer,ip,ua
2025-09-08T20:35:39+00:00,/produit.php?slug=tarionsoftbox,,127.0.0.1,"Mozilla/5.0 (Macintosh; Intel Mac OS X 10.15; rv:142.0) Gecko/20100101 Firefox/142.0"
timestamp,path,referrer,ip,ua
2025-09-08T20:39:37+00:00,/packs.html,,127.0.0.1,"Mozilla/5.0 (Macintosh; Intel Mac OS X 10.15; rv:142.0) Gecko/20100101 Firefox/142.0"
timestamp,path,referrer,ip,ua
2025-09-08T20:39:38+00:00,/produit.php?slug=batteriesonynpfz100,,127.0.0.1,"Mozilla/5.0 (Macintosh; Intel Mac OS X 10.15; rv:142.0) Gecko/20100101 Firefox/142.0"
timestamp,path,referrer,ip,ua
2025-09-08T20:39:41+00:00,/produit.php?slug=pack-pret-a-tourner,,127.0.0.1,"Mozilla/5.0 (Macintosh; Intel Mac OS X 10.15; rv:142.0) Gecko/20100101 Firefox/142.0"
timestamp,path,referrer,ip,ua
2025-09-11T13:19:32+00:00,/,,127.0.0.1,"Mozilla/5.0 (Macintosh; Intel Mac OS X 10.15; rv:142.0) Gecko/20100101 Firefox/142.0"
